<?xml version="1.0" encoding="UTF-8" standalone="no"?>
<graphml xmlns="http://graphml.graphdrawing.org/xmlns" xmlns:java="http://www.yworks.com/xml/yfiles-common/1.0/java" xmlns:sys="http://www.yworks.com/xml/yfiles-common/markup/primitives/2.0" xmlns:x="http://www.yworks.com/xml/yfiles-common/markup/2.0" xmlns:xsi="http://www.w3.org/2001/XMLSchema-instance" xmlns:y="http://www.yworks.com/xml/graphml" xmlns:yed="http://www.yworks.com/xml/yed/3" xsi:schemaLocation="http://graphml.graphdrawing.org/xmlns http://www.yworks.com/xml/schema/graphml/1.1/ygraphml.xsd">
  <!--Created by yEd 3.18.1.1-->
  <key attr.name="Beschreibung" attr.type="string" for="graph" id="d0"/>
  <key for="port" id="d1" yfiles.type="portgraphics"/>
  <key for="port" id="d2" yfiles.type="portgeometry"/>
  <key for="port" id="d3" yfiles.type="portuserdata"/>
  <key attr.name="url" attr.type="string" for="node" id="d4"/>
  <key attr.name="description" attr.type="string" for="node" id="d5"/>
  <key for="node" id="d6" yfiles.type="nodegraphics"/>
  <key for="graphml" id="d7" yfiles.type="resources"/>
  <key attr.name="url" attr.type="string" for="edge" id="d8"/>
  <key attr.name="description" attr.type="string" for="edge" id="d9"/>
  <key for="edge" id="d10" yfiles.type="edgegraphics"/>
  <graph edgedefault="directed" id="G">
    <data key="d0" xml:space="preserve"/>
    <node id="n0">
      <data key="d6">
        <y:ShapeNode>
          <y:Geometry height="32.0" width="346.0" x="577.0" y="344.0"/>
          <y:Fill color="#222222" transparent="false"/>
          <y:BorderStyle color="#000000" raised="false" type="line" width="1.0"/>
          <y:NodeLabel alignment="center" autoSizePolicy="content" fontFamily="Consolas" fontSize="12" fontStyle="plain" hasBackgroundColor="false" hasLineColor="false" height="16.0" horizontalTextPosition="center" iconTextGap="4" modelName="custom" textColor="#00FF00" verticalTextPosition="bottom" visible="true" width="135.953125" x="105.0234375" xml:space="preserve" y="8.0">+ parent : ViewModel<y:LabelModel><y:SmartNodeLabelModel distance="4.0"/></y:LabelModel><y:ModelParameter><y:SmartNodeLabelModelParameter labelRatioX="0.0" labelRatioY="0.0" nodeRatioX="0.0" nodeRatioY="0.0" offsetX="0.0" offsetY="0.0" upX="0.0" upY="-1.0"/></y:ModelParameter></y:NodeLabel>
          <y:Shape type="rectangle"/>
        </y:ShapeNode>
      </data>
    </node>
    <node id="n1">
      <data key="d6">
        <y:ShapeNode>
          <y:Geometry height="32.0" width="346.0" x="577.0" y="314.0"/>
          <y:Fill color="#222222" transparent="false"/>
          <y:BorderStyle color="#000000" raised="false" type="line" width="1.0"/>
          <y:NodeLabel alignment="center" autoSizePolicy="content" fontFamily="Consolas" fontSize="12" fontStyle="plain" hasBackgroundColor="false" hasLineColor="false" height="16.0" horizontalTextPosition="center" iconTextGap="4" modelName="custom" textColor="#C0C0C0" verticalTextPosition="bottom" visible="true" width="122.7578125" x="111.62109375" xml:space="preserve" y="8.0">Model &lt;&lt;abstract&gt;&gt;<y:LabelModel><y:SmartNodeLabelModel distance="4.0"/></y:LabelModel><y:ModelParameter><y:SmartNodeLabelModelParameter labelRatioX="0.0" labelRatioY="0.0" nodeRatioX="0.0" nodeRatioY="0.0" offsetX="0.0" offsetY="0.0" upX="0.0" upY="-1.0"/></y:ModelParameter></y:NodeLabel>
          <y:Shape type="rectangle"/>
        </y:ShapeNode>
      </data>
    </node>
    <node id="n2">
      <data key="d6">
        <y:ShapeNode>
          <y:Geometry height="32.0" width="346.0" x="577.0" y="434.0"/>
          <y:Fill color="#222222" transparent="false"/>
          <y:BorderStyle color="#000000" raised="false" type="line" width="1.0"/>
          <y:NodeLabel alignment="center" autoSizePolicy="content" fontFamily="Consolas" fontSize="12" fontStyle="plain" hasBackgroundColor="false" hasLineColor="false" height="16.0" horizontalTextPosition="center" iconTextGap="4" modelName="custom" textColor="#00FFFF" verticalTextPosition="bottom" visible="true" width="201.9296875" x="72.03515625" xml:space="preserve" y="8.0">+ Model(JSON : string) : Model<y:LabelModel><y:SmartNodeLabelModel distance="4.0"/></y:LabelModel><y:ModelParameter><y:SmartNodeLabelModelParameter labelRatioX="0.0" labelRatioY="0.0" nodeRatioX="0.0" nodeRatioY="0.0" offsetX="0.0" offsetY="0.0" upX="0.0" upY="-1.0"/></y:ModelParameter></y:NodeLabel>
          <y:Shape type="rectangle"/>
        </y:ShapeNode>
      </data>
    </node>
    <node id="n3">
      <data key="d6">
        <y:ShapeNode>
          <y:Geometry height="32.0" width="346.0" x="97.0" y="134.0"/>
          <y:Fill color="#222222" transparent="false"/>
          <y:BorderStyle color="#000000" raised="false" type="line" width="1.0"/>
          <y:NodeLabel alignment="center" autoSizePolicy="content" fontFamily="Consolas" fontSize="12" fontStyle="plain" hasBackgroundColor="false" hasLineColor="false" height="16.0" horizontalTextPosition="center" iconTextGap="4" modelName="custom" textColor="#00FF00" verticalTextPosition="bottom" visible="true" width="36.98828125" x="154.505859375" xml:space="preserve" y="8.0">Field<y:LabelModel><y:SmartNodeLabelModel distance="4.0"/></y:LabelModel><y:ModelParameter><y:SmartNodeLabelModelParameter labelRatioX="0.0" labelRatioY="0.0" nodeRatioX="0.0" nodeRatioY="0.0" offsetX="0.0" offsetY="0.0" upX="0.0" upY="-1.0"/></y:ModelParameter></y:NodeLabel>
          <y:Shape type="rectangle"/>
        </y:ShapeNode>
      </data>
    </node>
    <node id="n4">
      <data key="d6">
        <y:ShapeNode>
          <y:Geometry height="32.0" width="346.0" x="97.0" y="164.0"/>
          <y:Fill color="#222222" transparent="false"/>
          <y:BorderStyle color="#000000" raised="false" type="line" width="1.0"/>
          <y:NodeLabel alignment="center" autoSizePolicy="content" fontFamily="Consolas" fontSize="12" fontStyle="plain" hasBackgroundColor="false" hasLineColor="false" height="16.0" horizontalTextPosition="center" iconTextGap="4" modelName="custom" textColor="#00FF00" verticalTextPosition="bottom" visible="true" width="36.98828125" x="154.505859375" xml:space="preserve" y="8.0">Field<y:LabelModel><y:SmartNodeLabelModel distance="4.0"/></y:LabelModel><y:ModelParameter><y:SmartNodeLabelModelParameter labelRatioX="0.0" labelRatioY="0.0" nodeRatioX="0.0" nodeRatioY="0.0" offsetX="0.0" offsetY="0.0" upX="0.0" upY="-1.0"/></y:ModelParameter></y:NodeLabel>
          <y:Shape type="rectangle"/>
        </y:ShapeNode>
      </data>
    </node>
    <node id="n5">
      <data key="d6">
        <y:ShapeNode>
          <y:Geometry height="32.0" width="346.0" x="97.0" y="104.0"/>
          <y:Fill color="#222222" transparent="false"/>
          <y:BorderStyle color="#000000" raised="false" type="line" width="1.0"/>
          <y:NodeLabel alignment="center" autoSizePolicy="content" fontFamily="Consolas" fontSize="12" fontStyle="plain" hasBackgroundColor="false" hasLineColor="false" height="16.0" horizontalTextPosition="center" iconTextGap="4" modelName="custom" textColor="#C0C0C0" verticalTextPosition="bottom" visible="true" width="36.98828125" x="154.505859375" xml:space="preserve" y="8.0">Class<y:LabelModel><y:SmartNodeLabelModel distance="4.0"/></y:LabelModel><y:ModelParameter><y:SmartNodeLabelModelParameter labelRatioX="0.0" labelRatioY="0.0" nodeRatioX="0.0" nodeRatioY="0.0" offsetX="0.0" offsetY="0.0" upX="0.0" upY="-1.0"/></y:ModelParameter></y:NodeLabel>
          <y:Shape type="rectangle"/>
        </y:ShapeNode>
      </data>
    </node>
    <node id="n6">
      <data key="d6">
        <y:ShapeNode>
          <y:Geometry height="32.0" width="346.0" x="97.0" y="194.0"/>
          <y:Fill color="#222222" transparent="false"/>
          <y:BorderStyle color="#000000" raised="false" type="line" width="1.0"/>
          <y:NodeLabel alignment="center" autoSizePolicy="content" fontFamily="Consolas" fontSize="12" fontStyle="plain" hasBackgroundColor="false" hasLineColor="false" height="16.0" horizontalTextPosition="center" iconTextGap="4" modelName="custom" textColor="#00FFFF" verticalTextPosition="bottom" visible="true" width="69.9765625" x="138.01171875" xml:space="preserve" y="8.0">Function()<y:LabelModel><y:SmartNodeLabelModel distance="4.0"/></y:LabelModel><y:ModelParameter><y:SmartNodeLabelModelParameter labelRatioX="0.0" labelRatioY="0.0" nodeRatioX="0.0" nodeRatioY="0.0" offsetX="0.0" offsetY="0.0" upX="0.0" upY="-1.0"/></y:ModelParameter></y:NodeLabel>
          <y:Shape type="rectangle"/>
        </y:ShapeNode>
      </data>
    </node>
    <node id="n7">
      <data key="d6">
        <y:ShapeNode>
          <y:Geometry height="32.0" width="346.0" x="1117.0" y="404.0"/>
          <y:Fill color="#222222" transparent="false"/>
          <y:BorderStyle color="#000000" raised="false" type="line" width="1.0"/>
          <y:NodeLabel alignment="center" autoSizePolicy="content" fontFamily="Consolas" fontSize="12" fontStyle="plain" hasBackgroundColor="false" hasLineColor="false" height="16.0" horizontalTextPosition="center" iconTextGap="4" modelName="custom" textColor="#00FF00" verticalTextPosition="bottom" visible="true" width="36.98828125" x="154.505859375" xml:space="preserve" y="8.0">(...)<y:LabelModel><y:SmartNodeLabelModel distance="4.0"/></y:LabelModel><y:ModelParameter><y:SmartNodeLabelModelParameter labelRatioX="0.0" labelRatioY="0.0" nodeRatioX="0.0" nodeRatioY="0.0" offsetX="0.0" offsetY="0.0" upX="0.0" upY="-1.0"/></y:ModelParameter></y:NodeLabel>
          <y:Shape type="rectangle"/>
        </y:ShapeNode>
      </data>
    </node>
    <node id="n8">
      <data key="d6">
        <y:ShapeNode>
          <y:Geometry height="32.0" width="346.0" x="1117.0" y="374.0"/>
          <y:Fill color="#222222" transparent="false"/>
          <y:BorderStyle color="#000000" raised="false" type="line" width="1.0"/>
          <y:NodeLabel alignment="center" autoSizePolicy="content" fontFamily="Consolas" fontSize="12" fontStyle="plain" hasBackgroundColor="false" hasLineColor="false" height="16.0" horizontalTextPosition="center" iconTextGap="4" modelName="custom" textColor="#C0C0C0" verticalTextPosition="bottom" visible="true" width="149.1484375" x="98.42578125" xml:space="preserve" y="8.0">ViewModel &lt;&lt;abstract&gt;&gt;<y:LabelModel><y:SmartNodeLabelModel distance="4.0"/></y:LabelModel><y:ModelParameter><y:SmartNodeLabelModelParameter labelRatioX="0.0" labelRatioY="0.0" nodeRatioX="0.0" nodeRatioY="0.0" offsetX="0.0" offsetY="0.0" upX="0.0" upY="-1.0"/></y:ModelParameter></y:NodeLabel>
          <y:Shape type="rectangle"/>
        </y:ShapeNode>
      </data>
    </node>
    <node id="n9">
      <data key="d6">
        <y:ShapeNode>
          <y:Geometry height="32.0" width="346.0" x="1117.0" y="434.0"/>
          <y:Fill color="#222222" transparent="false"/>
          <y:BorderStyle color="#000000" raised="false" type="line" width="1.0"/>
          <y:NodeLabel alignment="center" autoSizePolicy="content" fontFamily="Consolas" fontSize="12" fontStyle="plain" hasBackgroundColor="false" hasLineColor="false" height="16.0" horizontalTextPosition="center" iconTextGap="4" modelName="custom" textColor="#00FFFF" verticalTextPosition="bottom" visible="true" width="96.3671875" x="124.81640625" xml:space="preserve" y="8.0">+ initialize()<y:LabelModel><y:SmartNodeLabelModel distance="4.0"/></y:LabelModel><y:ModelParameter><y:SmartNodeLabelModelParameter labelRatioX="0.0" labelRatioY="0.0" nodeRatioX="0.0" nodeRatioY="0.0" offsetX="0.0" offsetY="0.0" upX="0.0" upY="-1.0"/></y:ModelParameter></y:NodeLabel>
          <y:Shape type="rectangle"/>
        </y:ShapeNode>
      </data>
    </node>
    <node id="n10">
      <data key="d6">
        <y:ShapeNode>
          <y:Geometry height="32.0" width="346.0" x="577.0" y="134.0"/>
          <y:Fill color="#222222" transparent="false"/>
          <y:BorderStyle color="#000000" raised="false" type="line" width="1.0"/>
          <y:NodeLabel alignment="center" autoSizePolicy="content" fontFamily="Consolas" fontSize="12" fontStyle="plain" hasBackgroundColor="false" hasLineColor="false" height="16.0" horizontalTextPosition="center" iconTextGap="4" modelName="custom" textColor="#00FF00" verticalTextPosition="bottom" visible="true" width="162.34375" x="91.828125" xml:space="preserve" y="8.0">+ static Adress : String<y:LabelModel><y:SmartNodeLabelModel distance="4.0"/></y:LabelModel><y:ModelParameter><y:SmartNodeLabelModelParameter labelRatioX="0.0" labelRatioY="0.0" nodeRatioX="0.0" nodeRatioY="0.0" offsetX="0.0" offsetY="0.0" upX="0.0" upY="-1.0"/></y:ModelParameter></y:NodeLabel>
          <y:Shape type="rectangle"/>
        </y:ShapeNode>
      </data>
    </node>
    <node id="n11">
      <data key="d6">
        <y:ShapeNode>
          <y:Geometry height="32.0" width="346.0" x="577.0" y="104.0"/>
          <y:Fill color="#222222" transparent="false"/>
          <y:BorderStyle color="#000000" raised="false" type="line" width="1.0"/>
          <y:NodeLabel alignment="center" autoSizePolicy="content" fontFamily="Consolas" fontSize="12" fontStyle="plain" hasBackgroundColor="false" hasLineColor="false" height="16.0" horizontalTextPosition="center" iconTextGap="4" modelName="custom" textColor="#C0C0C0" verticalTextPosition="bottom" visible="true" width="30.390625" x="157.8046875" xml:space="preserve" y="8.0">HTTP<y:LabelModel><y:SmartNodeLabelModel distance="4.0"/></y:LabelModel><y:ModelParameter><y:SmartNodeLabelModelParameter labelRatioX="0.0" labelRatioY="0.0" nodeRatioX="0.0" nodeRatioY="0.0" offsetX="0.0" offsetY="0.0" upX="0.0" upY="-1.0"/></y:ModelParameter></y:NodeLabel>
          <y:Shape type="rectangle"/>
        </y:ShapeNode>
      </data>
    </node>
    <node id="n12">
      <data key="d6">
        <y:ShapeNode>
          <y:Geometry height="32.0" width="346.0" x="577.0" y="164.0"/>
          <y:Fill color="#222222" transparent="false"/>
          <y:BorderStyle color="#000000" raised="false" type="line" width="1.0"/>
          <y:NodeLabel alignment="center" autoSizePolicy="content" fontFamily="Consolas" fontSize="12" fontStyle="plain" hasBackgroundColor="false" hasLineColor="false" height="16.0" horizontalTextPosition="center" iconTextGap="4" modelName="custom" textColor="#00FFFF" verticalTextPosition="bottom" visible="true" width="234.91796875" x="55.541015625" xml:space="preserve" y="8.0">+ getConnection : HttpUrlConnection<y:LabelModel><y:SmartNodeLabelModel distance="4.0"/></y:LabelModel><y:ModelParameter><y:SmartNodeLabelModelParameter labelRatioX="0.0" labelRatioY="0.0" nodeRatioX="0.0" nodeRatioY="0.0" offsetX="0.0" offsetY="0.0" upX="0.0" upY="-1.0"/></y:ModelParameter></y:NodeLabel>
          <y:Shape type="rectangle"/>
        </y:ShapeNode>
      </data>
    </node>
    <node id="n13">
      <data key="d6">
        <y:ShapeNode>
          <y:Geometry height="32.0" width="346.0" x="577.0" y="194.0"/>
          <y:Fill color="#222222" transparent="false"/>
          <y:BorderStyle color="#000000" raised="false" type="line" width="1.0"/>
          <y:NodeLabel alignment="center" autoSizePolicy="content" fontFamily="Consolas" fontSize="12" fontStyle="plain" hasBackgroundColor="false" hasLineColor="false" height="16.0" horizontalTextPosition="center" iconTextGap="4" modelName="custom" textColor="#00FFFF" verticalTextPosition="bottom" visible="true" width="215.125" x="65.4375" xml:space="preserve" y="8.0">+ get(string : payload) : string<y:LabelModel><y:SmartNodeLabelModel distance="4.0"/></y:LabelModel><y:ModelParameter><y:SmartNodeLabelModelParameter labelRatioX="0.0" labelRatioY="0.0" nodeRatioX="0.0" nodeRatioY="0.0" offsetX="0.0" offsetY="0.0" upX="0.0" upY="-1.0"/></y:ModelParameter></y:NodeLabel>
          <y:Shape type="rectangle"/>
        </y:ShapeNode>
      </data>
    </node>
    <node id="n14">
      <data key="d6">
        <y:ShapeNode>
          <y:Geometry height="32.0" width="346.0" x="577.0" y="224.0"/>
          <y:Fill color="#222222" transparent="false"/>
          <y:BorderStyle color="#000000" raised="false" type="line" width="1.0"/>
          <y:NodeLabel alignment="center" autoSizePolicy="content" fontFamily="Consolas" fontSize="12" fontStyle="plain" hasBackgroundColor="false" hasLineColor="false" height="16.0" horizontalTextPosition="center" iconTextGap="4" modelName="custom" textColor="#00FFFF" verticalTextPosition="bottom" visible="true" width="221.72265625" x="62.138671875" xml:space="preserve" y="8.0">+ post(string : payload) : string<y:LabelModel><y:SmartNodeLabelModel distance="4.0"/></y:LabelModel><y:ModelParameter><y:SmartNodeLabelModelParameter labelRatioX="0.0" labelRatioY="0.0" nodeRatioX="0.0" nodeRatioY="0.0" offsetX="0.0" offsetY="0.0" upX="0.0" upY="-1.0"/></y:ModelParameter></y:NodeLabel>
          <y:Shape type="rectangle"/>
        </y:ShapeNode>
      </data>
    </node>
    <node id="n15">
      <data key="d6">
        <y:ShapeNode>
          <y:Geometry height="32.0" width="346.0" x="577.0" y="584.0"/>
          <y:Fill color="#222222" transparent="false"/>
          <y:BorderStyle color="#000000" raised="false" type="line" width="1.0"/>
          <y:NodeLabel alignment="center" autoSizePolicy="content" fontFamily="Consolas" fontSize="12" fontStyle="plain" hasBackgroundColor="false" hasLineColor="false" height="16.0" horizontalTextPosition="center" iconTextGap="4" modelName="custom" textColor="#C0C0C0" verticalTextPosition="bottom" visible="true" width="30.390625" x="157.8046875" xml:space="preserve" y="8.0">User<y:LabelModel><y:SmartNodeLabelModel distance="4.0"/></y:LabelModel><y:ModelParameter><y:SmartNodeLabelModelParameter labelRatioX="0.0" labelRatioY="0.0" nodeRatioX="0.0" nodeRatioY="0.0" offsetX="0.0" offsetY="0.0" upX="0.0" upY="-1.0"/></y:ModelParameter></y:NodeLabel>
          <y:Shape type="rectangle"/>
        </y:ShapeNode>
      </data>
    </node>
    <node id="n16">
      <data key="d6">
        <y:ShapeNode>
          <y:Geometry height="32.0" width="346.0" x="577.0" y="614.0"/>
          <y:Fill color="#222222" transparent="false"/>
          <y:BorderStyle color="#000000" raised="false" type="line" width="1.0"/>
          <y:NodeLabel alignment="center" autoSizePolicy="content" fontFamily="Consolas" fontSize="12" fontStyle="plain" hasBackgroundColor="false" hasLineColor="false" height="16.0" horizontalTextPosition="center" iconTextGap="4" modelName="custom" textColor="#00FF00" verticalTextPosition="bottom" visible="true" width="175.5390625" x="85.23046875" xml:space="preserve" y="8.0">+ Mail : string (readOnly)<y:LabelModel><y:SmartNodeLabelModel distance="4.0"/></y:LabelModel><y:ModelParameter><y:SmartNodeLabelModelParameter labelRatioX="0.0" labelRatioY="0.0" nodeRatioX="0.0" nodeRatioY="0.0" offsetX="0.0" offsetY="0.0" upX="0.0" upY="-1.0"/></y:ModelParameter></y:NodeLabel>
          <y:Shape type="rectangle"/>
        </y:ShapeNode>
      </data>
    </node>
    <node id="n17">
      <data key="d6">
        <y:ShapeNode>
          <y:Geometry height="32.0" width="346.0" x="577.0" y="644.0"/>
          <y:Fill color="#222222" transparent="false"/>
          <y:BorderStyle color="#000000" raised="false" type="line" width="1.0"/>
          <y:NodeLabel alignment="center" autoSizePolicy="content" fontFamily="Consolas" fontSize="12" fontStyle="plain" hasBackgroundColor="false" hasLineColor="false" height="16.0" horizontalTextPosition="center" iconTextGap="4" modelName="custom" textColor="#00FF00" verticalTextPosition="bottom" visible="true" width="215.125" x="65.4375" xml:space="preserve" y="8.0">+ LoginToken : string (readOnly)<y:LabelModel><y:SmartNodeLabelModel distance="4.0"/></y:LabelModel><y:ModelParameter><y:SmartNodeLabelModelParameter labelRatioX="0.0" labelRatioY="0.0" nodeRatioX="0.0" nodeRatioY="0.0" offsetX="0.0" offsetY="0.0" upX="0.0" upY="-1.0"/></y:ModelParameter></y:NodeLabel>
          <y:Shape type="rectangle"/>
        </y:ShapeNode>
      </data>
    </node>
    <node id="n18">
      <data key="d6">
        <y:ShapeNode>
          <y:Geometry height="32.0" width="346.0" x="577.0" y="674.0"/>
          <y:Fill color="#222222" transparent="false"/>
          <y:BorderStyle color="#000000" raised="false" type="line" width="1.0"/>
          <y:NodeLabel alignment="center" autoSizePolicy="content" fontFamily="Consolas" fontSize="12" fontStyle="plain" hasBackgroundColor="false" hasLineColor="false" height="16.0" horizontalTextPosition="center" iconTextGap="4" modelName="custom" textColor="#00FF00" verticalTextPosition="bottom" visible="true" width="221.72265625" x="62.138671875" xml:space="preserve" y="8.0">+ EventsHosted : int[] (readOnly)<y:LabelModel><y:SmartNodeLabelModel distance="4.0"/></y:LabelModel><y:ModelParameter><y:SmartNodeLabelModelParameter labelRatioX="0.0" labelRatioY="0.0" nodeRatioX="0.0" nodeRatioY="0.0" offsetX="0.0" offsetY="0.0" upX="0.0" upY="-1.0"/></y:ModelParameter></y:NodeLabel>
          <y:Shape type="rectangle"/>
        </y:ShapeNode>
      </data>
    </node>
    <node id="n19">
      <data key="d6">
        <y:ShapeNode>
          <y:Geometry height="32.0" width="346.0" x="577.0" y="704.0"/>
          <y:Fill color="#222222" transparent="false"/>
          <y:BorderStyle color="#000000" raised="false" type="line" width="1.0"/>
          <y:NodeLabel alignment="center" autoSizePolicy="content" fontFamily="Consolas" fontSize="12" fontStyle="plain" hasBackgroundColor="false" hasLineColor="false" height="16.0" horizontalTextPosition="center" iconTextGap="4" modelName="custom" textColor="#00FF00" verticalTextPosition="bottom" visible="true" width="228.3203125" x="58.83984375" xml:space="preserve" y="8.0">+ EventsInvited : int[] (readOnly)<y:LabelModel><y:SmartNodeLabelModel distance="4.0"/></y:LabelModel><y:ModelParameter><y:SmartNodeLabelModelParameter labelRatioX="0.0" labelRatioY="0.0" nodeRatioX="0.0" nodeRatioY="0.0" offsetX="0.0" offsetY="0.0" upX="0.0" upY="-1.0"/></y:ModelParameter></y:NodeLabel>
          <y:Shape type="rectangle"/>
        </y:ShapeNode>
      </data>
    </node>
    <node id="n20">
      <data key="d6">
        <y:ShapeNode>
          <y:Geometry height="32.0" width="346.0" x="577.0" y="734.0"/>
          <y:Fill color="#222222" transparent="false"/>
          <y:BorderStyle color="#000000" raised="false" type="line" width="1.0"/>
          <y:NodeLabel alignment="center" autoSizePolicy="content" fontFamily="Consolas" fontSize="12" fontStyle="plain" hasBackgroundColor="false" hasLineColor="false" height="16.0" horizontalTextPosition="center" iconTextGap="4" modelName="custom" textColor="#00FF00" verticalTextPosition="bottom" visible="true" width="221.72265625" x="62.138671875" xml:space="preserve" y="8.0">+ TicketsOwned : int[] (readOnly)<y:LabelModel><y:SmartNodeLabelModel distance="4.0"/></y:LabelModel><y:ModelParameter><y:SmartNodeLabelModelParameter labelRatioX="0.0" labelRatioY="0.0" nodeRatioX="0.0" nodeRatioY="0.0" offsetX="0.0" offsetY="0.0" upX="0.0" upY="-1.0"/></y:ModelParameter></y:NodeLabel>
          <y:Shape type="rectangle"/>
        </y:ShapeNode>
      </data>
    </node>
    <node id="n21">
      <data key="d6">
        <y:ShapeNode>
          <y:Geometry height="32.0" width="346.0" x="577.0" y="464.0"/>
          <y:Fill color="#222222" transparent="false"/>
          <y:BorderStyle color="#000000" raised="false" type="line" width="1.0"/>
          <y:NodeLabel alignment="center" autoSizePolicy="content" fontFamily="Consolas" fontSize="12" fontStyle="plain" hasBackgroundColor="false" hasLineColor="false" height="16.0" horizontalTextPosition="center" iconTextGap="4" modelName="custom" textColor="#00FFFF" verticalTextPosition="bottom" visible="true" width="155.74609375" x="95.126953125" xml:space="preserve" y="8.0">+ toJSON() : JSONObject<y:LabelModel><y:SmartNodeLabelModel distance="4.0"/></y:LabelModel><y:ModelParameter><y:SmartNodeLabelModelParameter labelRatioX="0.0" labelRatioY="0.0" nodeRatioX="0.0" nodeRatioY="0.0" offsetX="0.0" offsetY="0.0" upX="0.0" upY="-1.0"/></y:ModelParameter></y:NodeLabel>
          <y:Shape type="rectangle"/>
        </y:ShapeNode>
      </data>
    </node>
    <node id="n22">
      <data key="d6">
        <y:ShapeNode>
          <y:Geometry height="32.0" width="346.0" x="577.0" y="376.0"/>
          <y:Fill color="#222222" transparent="false"/>
          <y:BorderStyle color="#000000" raised="false" type="line" width="1.0"/>
          <y:NodeLabel alignment="center" autoSizePolicy="content" fontFamily="Consolas" fontSize="12" fontStyle="plain" hasBackgroundColor="false" hasLineColor="false" height="16.0" horizontalTextPosition="center" iconTextGap="4" modelName="custom" textColor="#00FF00" verticalTextPosition="bottom" visible="true" width="142.55078125" x="101.724609375" xml:space="preserve" y="8.0">+ ID : int (readOnly)<y:LabelModel><y:SmartNodeLabelModel distance="4.0"/></y:LabelModel><y:ModelParameter><y:SmartNodeLabelModelParameter labelRatioX="0.0" labelRatioY="0.0" nodeRatioX="0.0" nodeRatioY="0.0" offsetX="0.0" offsetY="0.0" upX="0.0" upY="-1.0"/></y:ModelParameter></y:NodeLabel>
          <y:Shape type="rectangle"/>
        </y:ShapeNode>
      </data>
    </node>
    <node id="n23">
      <data key="d6">
        <y:ShapeNode>
          <y:Geometry height="32.0" width="346.0" x="577.0" y="406.0"/>
          <y:Fill color="#222222" transparent="false"/>
          <y:BorderStyle color="#000000" raised="false" type="line" width="1.0"/>
          <y:NodeLabel alignment="center" autoSizePolicy="content" fontFamily="Consolas" fontSize="12" fontStyle="plain" hasBackgroundColor="false" hasLineColor="false" height="16.0" horizontalTextPosition="center" iconTextGap="4" modelName="custom" textColor="#00FF00" verticalTextPosition="bottom" visible="true" width="175.5390625" x="85.23046875" xml:space="preserve" y="8.0">+ Name : string (readOnly)<y:LabelModel><y:SmartNodeLabelModel distance="4.0"/></y:LabelModel><y:ModelParameter><y:SmartNodeLabelModelParameter labelRatioX="0.0" labelRatioY="0.0" nodeRatioX="0.0" nodeRatioY="0.0" offsetX="0.0" offsetY="0.0" upX="0.0" upY="-1.0"/></y:ModelParameter></y:NodeLabel>
          <y:Shape type="rectangle"/>
        </y:ShapeNode>
      </data>
    </node>
    <node id="n24">
      <data key="d6">
        <y:ShapeNode>
          <y:Geometry height="32.0" width="346.0" x="187.0" y="584.0"/>
          <y:Fill color="#222222" transparent="false"/>
          <y:BorderStyle color="#000000" raised="false" type="line" width="1.0"/>
          <y:NodeLabel alignment="center" autoSizePolicy="content" fontFamily="Consolas" fontSize="12" fontStyle="plain" hasBackgroundColor="false" hasLineColor="false" height="16.0" horizontalTextPosition="center" iconTextGap="4" modelName="custom" textColor="#C0C0C0" verticalTextPosition="bottom" visible="true" width="36.98828125" x="154.505859375" xml:space="preserve" y="8.0">Event<y:LabelModel><y:SmartNodeLabelModel distance="4.0"/></y:LabelModel><y:ModelParameter><y:SmartNodeLabelModelParameter labelRatioX="0.0" labelRatioY="0.0" nodeRatioX="0.0" nodeRatioY="0.0" offsetX="0.0" offsetY="0.0" upX="0.0" upY="-1.0"/></y:ModelParameter></y:NodeLabel>
          <y:Shape type="rectangle"/>
        </y:ShapeNode>
      </data>
    </node>
    <node id="n25">
      <data key="d6">
        <y:ShapeNode>
          <y:Geometry height="32.0" width="346.0" x="187.0" y="612.0"/>
          <y:Fill color="#222222" transparent="false"/>
          <y:BorderStyle color="#000000" raised="false" type="line" width="1.0"/>
          <y:NodeLabel alignment="center" autoSizePolicy="content" fontFamily="Consolas" fontSize="12" fontStyle="plain" hasBackgroundColor="false" hasLineColor="false" height="16.0" horizontalTextPosition="center" iconTextGap="4" modelName="custom" textColor="#00FF00" verticalTextPosition="bottom" visible="true" width="175.5390625" x="85.23046875" xml:space="preserve" y="8.0">+ Desc : string (readOnly)<y:LabelModel><y:SmartNodeLabelModel distance="4.0"/></y:LabelModel><y:ModelParameter><y:SmartNodeLabelModelParameter labelRatioX="0.0" labelRatioY="0.0" nodeRatioX="0.0" nodeRatioY="0.0" offsetX="0.0" offsetY="0.0" upX="0.0" upY="-1.0"/></y:ModelParameter></y:NodeLabel>
          <y:Shape type="rectangle"/>
        </y:ShapeNode>
      </data>
    </node>
    <node id="n26">
      <data key="d6">
        <y:ShapeNode>
          <y:Geometry height="32.0" width="346.0" x="187.0" y="642.0"/>
          <y:Fill color="#222222" transparent="false"/>
          <y:BorderStyle color="#000000" raised="false" type="line" width="1.0"/>
          <y:NodeLabel alignment="center" autoSizePolicy="content" fontFamily="Consolas" fontSize="12" fontStyle="plain" hasBackgroundColor="false" hasLineColor="false" height="16.0" horizontalTextPosition="center" iconTextGap="4" modelName="custom" textColor="#00FF00" verticalTextPosition="bottom" visible="true" width="175.5390625" x="85.23046875" xml:space="preserve" y="8.0">+ Location : int(readOnly)<y:LabelModel><y:SmartNodeLabelModel distance="4.0"/></y:LabelModel><y:ModelParameter><y:SmartNodeLabelModelParameter labelRatioX="0.0" labelRatioY="0.0" nodeRatioX="0.0" nodeRatioY="0.0" offsetX="0.0" offsetY="0.0" upX="0.0" upY="-1.0"/></y:ModelParameter></y:NodeLabel>
          <y:Shape type="rectangle"/>
        </y:ShapeNode>
      </data>
    </node>
    <node id="n27">
      <data key="d6">
        <y:ShapeNode>
          <y:Geometry height="32.0" width="346.0" x="187.0" y="672.0"/>
          <y:Fill color="#222222" transparent="false"/>
          <y:BorderStyle color="#000000" raised="false" type="line" width="1.0"/>
          <y:NodeLabel alignment="center" autoSizePolicy="content" fontFamily="Consolas" fontSize="12" fontStyle="plain" hasBackgroundColor="false" hasLineColor="false" height="16.0" horizontalTextPosition="center" iconTextGap="4" modelName="custom" textColor="#00FF00" verticalTextPosition="bottom" visible="true" width="168.94140625" x="88.529296875" xml:space="preserve" y="8.0">+ Ticket : int (readOnly)<y:LabelModel><y:SmartNodeLabelModel distance="4.0"/></y:LabelModel><y:ModelParameter><y:SmartNodeLabelModelParameter labelRatioX="0.0" labelRatioY="0.0" nodeRatioX="0.0" nodeRatioY="0.0" offsetX="0.0" offsetY="0.0" upX="0.0" upY="-1.0"/></y:ModelParameter></y:NodeLabel>
          <y:Shape type="rectangle"/>
        </y:ShapeNode>
      </data>
    </node>
    <node id="n28">
      <data key="d6">
        <y:ShapeNode>
          <y:Geometry height="32.0" width="346.0" x="-203.0" y="584.0"/>
          <y:Fill color="#222222" transparent="false"/>
          <y:BorderStyle color="#000000" raised="false" type="line" width="1.0"/>
          <y:NodeLabel alignment="center" autoSizePolicy="content" fontFamily="Consolas" fontSize="12" fontStyle="plain" hasBackgroundColor="false" hasLineColor="false" height="16.0" horizontalTextPosition="center" iconTextGap="4" modelName="custom" textColor="#C0C0C0" verticalTextPosition="bottom" visible="true" width="56.78125" x="144.609375" xml:space="preserve" y="8.0">Location<y:LabelModel><y:SmartNodeLabelModel distance="4.0"/></y:LabelModel><y:ModelParameter><y:SmartNodeLabelModelParameter labelRatioX="0.0" labelRatioY="0.0" nodeRatioX="0.0" nodeRatioY="0.0" offsetX="0.0" offsetY="0.0" upX="0.0" upY="-1.0"/></y:ModelParameter></y:NodeLabel>
          <y:Shape type="rectangle"/>
        </y:ShapeNode>
      </data>
    </node>
    <node id="n29">
      <data key="d6">
        <y:ShapeNode>
          <y:Geometry height="32.0" width="346.0" x="-203.0" y="614.0"/>
          <y:Fill color="#222222" transparent="false"/>
          <y:BorderStyle color="#000000" raised="false" type="line" width="1.0"/>
          <y:NodeLabel alignment="center" autoSizePolicy="content" fontFamily="Consolas" fontSize="12" fontStyle="plain" hasBackgroundColor="false" hasLineColor="false" height="16.0" horizontalTextPosition="center" iconTextGap="4" modelName="custom" textColor="#00FF00" verticalTextPosition="bottom" visible="true" width="175.5390625" x="85.23046875" xml:space="preserve" y="8.0">+ Desc : string (readOnly)<y:LabelModel><y:SmartNodeLabelModel distance="4.0"/></y:LabelModel><y:ModelParameter><y:SmartNodeLabelModelParameter labelRatioX="0.0" labelRatioY="0.0" nodeRatioX="0.0" nodeRatioY="0.0" offsetX="0.0" offsetY="0.0" upX="0.0" upY="-1.0"/></y:ModelParameter></y:NodeLabel>
          <y:Shape type="rectangle"/>
        </y:ShapeNode>
      </data>
    </node>
    <node id="n30">
      <data key="d6">
        <y:ShapeNode>
          <y:Geometry height="32.0" width="346.0" x="-203.0" y="644.0"/>
          <y:Fill color="#222222" transparent="false"/>
          <y:BorderStyle color="#000000" raised="false" type="line" width="1.0"/>
          <y:NodeLabel alignment="center" autoSizePolicy="content" fontFamily="Consolas" fontSize="12" fontStyle="plain" hasBackgroundColor="false" hasLineColor="false" height="16.0" horizontalTextPosition="center" iconTextGap="4" modelName="custom" textColor="#00FF00" verticalTextPosition="bottom" visible="true" width="188.734375" x="78.6328125" xml:space="preserve" y="8.0">+ Location : int (readOnly) <y:LabelModel><y:SmartNodeLabelModel distance="4.0"/></y:LabelModel><y:ModelParameter><y:SmartNodeLabelModelParameter labelRatioX="0.0" labelRatioY="0.0" nodeRatioX="0.0" nodeRatioY="0.0" offsetX="0.0" offsetY="0.0" upX="0.0" upY="-1.0"/></y:ModelParameter></y:NodeLabel>
          <y:Shape type="rectangle"/>
        </y:ShapeNode>
      </data>
    </node>
    <node id="n31">
      <data key="d6">
        <y:ShapeNode>
          <y:Geometry height="32.0" width="346.0" x="577.0" y="764.0"/>
          <y:Fill color="#222222" transparent="false"/>
          <y:BorderStyle color="#000000" raised="false" type="line" width="1.0"/>
          <y:NodeLabel alignment="center" autoSizePolicy="content" fontFamily="Consolas" fontSize="12" fontStyle="plain" hasBackgroundColor="false" hasLineColor="false" height="16.0" horizontalTextPosition="center" iconTextGap="4" modelName="custom" textColor="#00FFFF" verticalTextPosition="bottom" visible="true" width="135.953125" x="105.0234375" xml:space="preserve" y="8.0">+ getters() : object<y:LabelModel><y:SmartNodeLabelModel distance="4.0"/></y:LabelModel><y:ModelParameter><y:SmartNodeLabelModelParameter labelRatioX="0.0" labelRatioY="0.0" nodeRatioX="0.0" nodeRatioY="0.0" offsetX="0.0" offsetY="0.0" upX="0.0" upY="-1.0"/></y:ModelParameter></y:NodeLabel>
          <y:Shape type="rectangle"/>
        </y:ShapeNode>
      </data>
    </node>
    <node id="n32">
      <data key="d6">
        <y:ShapeNode>
          <y:Geometry height="32.0" width="346.0" x="577.0" y="794.0"/>
          <y:Fill color="#222222" transparent="false"/>
          <y:BorderStyle color="#000000" raised="false" type="line" width="1.0"/>
          <y:NodeLabel alignment="center" autoSizePolicy="content" fontFamily="Consolas" fontSize="12" fontStyle="plain" hasBackgroundColor="false" hasLineColor="false" height="16.0" horizontalTextPosition="center" iconTextGap="4" modelName="custom" textColor="#00FFFF" verticalTextPosition="bottom" visible="true" width="122.7578125" x="111.62109375" xml:space="preserve" y="8.0">- setters() : void<y:LabelModel><y:SmartNodeLabelModel distance="4.0"/></y:LabelModel><y:ModelParameter><y:SmartNodeLabelModelParameter labelRatioX="0.0" labelRatioY="0.0" nodeRatioX="0.0" nodeRatioY="0.0" offsetX="0.0" offsetY="0.0" upX="0.0" upY="-1.0"/></y:ModelParameter></y:NodeLabel>
          <y:Shape type="rectangle"/>
        </y:ShapeNode>
      </data>
    </node>
    <node id="n33">
      <data key="d6">
        <y:ShapeNode>
          <y:Geometry height="32.0" width="346.0" x="187.0" y="702.0"/>
          <y:Fill color="#222222" transparent="false"/>
          <y:BorderStyle color="#000000" raised="false" type="line" width="1.0"/>
          <y:NodeLabel alignment="center" autoSizePolicy="content" fontFamily="Consolas" fontSize="12" fontStyle="plain" hasBackgroundColor="false" hasLineColor="false" height="16.0" horizontalTextPosition="center" iconTextGap="4" modelName="custom" textColor="#00FFFF" verticalTextPosition="bottom" visible="true" width="135.953125" x="105.0234375" xml:space="preserve" y="8.0">+ getters() : object<y:LabelModel><y:SmartNodeLabelModel distance="4.0"/></y:LabelModel><y:ModelParameter><y:SmartNodeLabelModelParameter labelRatioX="0.0" labelRatioY="0.0" nodeRatioX="0.0" nodeRatioY="0.0" offsetX="0.0" offsetY="0.0" upX="0.0" upY="-1.0"/></y:ModelParameter></y:NodeLabel>
          <y:Shape type="rectangle"/>
        </y:ShapeNode>
      </data>
    </node>
    <node id="n34">
      <data key="d6">
        <y:ShapeNode>
          <y:Geometry height="32.0" width="346.0" x="187.0" y="732.0"/>
          <y:Fill color="#222222" transparent="false"/>
          <y:BorderStyle color="#000000" raised="false" type="line" width="1.0"/>
          <y:NodeLabel alignment="center" autoSizePolicy="content" fontFamily="Consolas" fontSize="12" fontStyle="plain" hasBackgroundColor="false" hasLineColor="false" height="16.0" horizontalTextPosition="center" iconTextGap="4" modelName="custom" textColor="#00FFFF" verticalTextPosition="bottom" visible="true" width="122.7578125" x="111.62109375" xml:space="preserve" y="8.0">- setters() : void<y:LabelModel><y:SmartNodeLabelModel distance="4.0"/></y:LabelModel><y:ModelParameter><y:SmartNodeLabelModelParameter labelRatioX="0.0" labelRatioY="0.0" nodeRatioX="0.0" nodeRatioY="0.0" offsetX="0.0" offsetY="0.0" upX="0.0" upY="-1.0"/></y:ModelParameter></y:NodeLabel>
          <y:Shape type="rectangle"/>
        </y:ShapeNode>
      </data>
    </node>
    <node id="n35">
      <data key="d6">
        <y:ShapeNode>
          <y:Geometry height="32.0" width="346.0" x="-203.0" y="676.0"/>
          <y:Fill color="#222222" transparent="false"/>
          <y:BorderStyle color="#000000" raised="false" type="line" width="1.0"/>
          <y:NodeLabel alignment="center" autoSizePolicy="content" fontFamily="Consolas" fontSize="12" fontStyle="plain" hasBackgroundColor="false" hasLineColor="false" height="16.0" horizontalTextPosition="center" iconTextGap="4" modelName="custom" textColor="#00FFFF" verticalTextPosition="bottom" visible="true" width="135.953125" x="105.0234375" xml:space="preserve" y="8.0">+ getters() : object<y:LabelModel><y:SmartNodeLabelModel distance="4.0"/></y:LabelModel><y:ModelParameter><y:SmartNodeLabelModelParameter labelRatioX="0.0" labelRatioY="0.0" nodeRatioX="0.0" nodeRatioY="0.0" offsetX="0.0" offsetY="0.0" upX="0.0" upY="-1.0"/></y:ModelParameter></y:NodeLabel>
          <y:Shape type="rectangle"/>
        </y:ShapeNode>
      </data>
    </node>
    <node id="n36">
      <data key="d6">
        <y:ShapeNode>
          <y:Geometry height="32.0" width="346.0" x="-203.0" y="706.0"/>
          <y:Fill color="#222222" transparent="false"/>
          <y:BorderStyle color="#000000" raised="false" type="line" width="1.0"/>
          <y:NodeLabel alignment="center" autoSizePolicy="content" fontFamily="Consolas" fontSize="12" fontStyle="plain" hasBackgroundColor="false" hasLineColor="false" height="16.0" horizontalTextPosition="center" iconTextGap="4" modelName="custom" textColor="#00FFFF" verticalTextPosition="bottom" visible="true" width="122.7578125" x="111.62109375" xml:space="preserve" y="8.0">- setters() : void<y:LabelModel><y:SmartNodeLabelModel distance="4.0"/></y:LabelModel><y:ModelParameter><y:SmartNodeLabelModelParameter labelRatioX="0.0" labelRatioY="0.0" nodeRatioX="0.0" nodeRatioY="0.0" offsetX="0.0" offsetY="0.0" upX="0.0" upY="-1.0"/></y:ModelParameter></y:NodeLabel>
          <y:Shape type="rectangle"/>
        </y:ShapeNode>
      </data>
    </node>
    <node id="n37">
      <data key="d6">
        <y:ShapeNode>
          <y:Geometry height="32.0" width="346.0" x="-593.0" y="584.0"/>
          <y:Fill color="#222222" transparent="false"/>
          <y:BorderStyle color="#000000" raised="false" type="line" width="1.0"/>
          <y:NodeLabel alignment="center" autoSizePolicy="content" fontFamily="Consolas" fontSize="12" fontStyle="plain" hasBackgroundColor="false" hasLineColor="false" height="16.0" horizontalTextPosition="center" iconTextGap="4" modelName="custom" textColor="#C0C0C0" verticalTextPosition="bottom" visible="true" width="43.5859375" x="151.20703125" xml:space="preserve" y="8.0">Ticket<y:LabelModel><y:SmartNodeLabelModel distance="4.0"/></y:LabelModel><y:ModelParameter><y:SmartNodeLabelModelParameter labelRatioX="0.0" labelRatioY="0.0" nodeRatioX="0.0" nodeRatioY="0.0" offsetX="0.0" offsetY="0.0" upX="0.0" upY="-1.0"/></y:ModelParameter></y:NodeLabel>
          <y:Shape type="rectangle"/>
        </y:ShapeNode>
      </data>
    </node>
    <node id="n38">
      <data key="d6">
        <y:ShapeNode>
          <y:Geometry height="32.0" width="346.0" x="-593.0" y="614.0"/>
          <y:Fill color="#222222" transparent="false"/>
          <y:BorderStyle color="#000000" raised="false" type="line" width="1.0"/>
          <y:NodeLabel alignment="center" autoSizePolicy="content" fontFamily="Consolas" fontSize="12" fontStyle="plain" hasBackgroundColor="false" hasLineColor="false" height="16.0" horizontalTextPosition="center" iconTextGap="4" modelName="custom" textColor="#00FF00" verticalTextPosition="bottom" visible="true" width="175.5390625" x="85.23046875" xml:space="preserve" y="8.0">+ Name : string (readOnly)<y:LabelModel><y:SmartNodeLabelModel distance="4.0"/></y:LabelModel><y:ModelParameter><y:SmartNodeLabelModelParameter labelRatioX="0.0" labelRatioY="0.0" nodeRatioX="0.0" nodeRatioY="0.0" offsetX="0.0" offsetY="0.0" upX="0.0" upY="-1.0"/></y:ModelParameter></y:NodeLabel>
          <y:Shape type="rectangle"/>
        </y:ShapeNode>
      </data>
    </node>
    <node id="n39">
      <data key="d6">
        <y:ShapeNode>
          <y:Geometry height="32.0" width="346.0" x="-593.0" y="644.0"/>
          <y:Fill color="#222222" transparent="false"/>
          <y:BorderStyle color="#000000" raised="false" type="line" width="1.0"/>
          <y:NodeLabel alignment="center" autoSizePolicy="content" fontFamily="Consolas" fontSize="12" fontStyle="plain" hasBackgroundColor="false" hasLineColor="false" height="16.0" horizontalTextPosition="center" iconTextGap="4" modelName="custom" textColor="#00FF00" verticalTextPosition="bottom" visible="true" width="188.734375" x="78.6328125" xml:space="preserve" y="8.0">+ QRData : string (readOnly)<y:LabelModel><y:SmartNodeLabelModel distance="4.0"/></y:LabelModel><y:ModelParameter><y:SmartNodeLabelModelParameter labelRatioX="0.0" labelRatioY="0.0" nodeRatioX="0.0" nodeRatioY="0.0" offsetX="0.0" offsetY="0.0" upX="0.0" upY="-1.0"/></y:ModelParameter></y:NodeLabel>
          <y:Shape type="rectangle"/>
        </y:ShapeNode>
      </data>
    </node>
    <node id="n40">
      <data key="d6">
        <y:ShapeNode>
          <y:Geometry height="32.0" width="346.0" x="-593.0" y="674.0"/>
          <y:Fill color="#222222" transparent="false"/>
          <y:BorderStyle color="#000000" raised="false" type="line" width="1.0"/>
          <y:NodeLabel alignment="center" autoSizePolicy="content" fontFamily="Consolas" fontSize="12" fontStyle="plain" hasBackgroundColor="false" hasLineColor="false" height="16.0" horizontalTextPosition="center" iconTextGap="4" modelName="custom" textColor="#00FF00" verticalTextPosition="bottom" visible="true" width="234.91796875" x="55.541015625" xml:space="preserve" y="8.0">+ QRCode : ImageIcon (?) (readOnly)<y:LabelModel><y:SmartNodeLabelModel distance="4.0"/></y:LabelModel><y:ModelParameter><y:SmartNodeLabelModelParameter labelRatioX="0.0" labelRatioY="0.0" nodeRatioX="0.0" nodeRatioY="0.0" offsetX="0.0" offsetY="0.0" upX="0.0" upY="-1.0"/></y:ModelParameter></y:NodeLabel>
          <y:Shape type="rectangle"/>
        </y:ShapeNode>
      </data>
    </node>
    <node id="n41">
      <data key="d6">
        <y:ShapeNode>
          <y:Geometry height="32.0" width="346.0" x="-593.0" y="704.0"/>
          <y:Fill color="#222222" transparent="false"/>
          <y:BorderStyle color="#000000" raised="false" type="line" width="1.0"/>
          <y:NodeLabel alignment="center" autoSizePolicy="content" fontFamily="Consolas" fontSize="12" fontStyle="plain" hasBackgroundColor="false" hasLineColor="false" height="16.0" horizontalTextPosition="center" iconTextGap="4" modelName="custom" textColor="#00FFFF" verticalTextPosition="bottom" visible="true" width="135.953125" x="105.0234375" xml:space="preserve" y="8.0">+ getters() : object<y:LabelModel><y:SmartNodeLabelModel distance="4.0"/></y:LabelModel><y:ModelParameter><y:SmartNodeLabelModelParameter labelRatioX="0.0" labelRatioY="0.0" nodeRatioX="0.0" nodeRatioY="0.0" offsetX="0.0" offsetY="0.0" upX="0.0" upY="-1.0"/></y:ModelParameter></y:NodeLabel>
          <y:Shape type="rectangle"/>
        </y:ShapeNode>
      </data>
    </node>
    <node id="n42">
      <data key="d6">
        <y:ShapeNode>
          <y:Geometry height="32.0" width="346.0" x="-593.0" y="734.0"/>
          <y:Fill color="#222222" transparent="false"/>
          <y:BorderStyle color="#000000" raised="false" type="line" width="1.0"/>
          <y:NodeLabel alignment="center" autoSizePolicy="content" fontFamily="Consolas" fontSize="12" fontStyle="plain" hasBackgroundColor="false" hasLineColor="false" height="16.0" horizontalTextPosition="center" iconTextGap="4" modelName="custom" textColor="#00FFFF" verticalTextPosition="bottom" visible="true" width="122.7578125" x="111.62109375" xml:space="preserve" y="8.0">- setters() : void<y:LabelModel><y:SmartNodeLabelModel distance="4.0"/></y:LabelModel><y:ModelParameter><y:SmartNodeLabelModelParameter labelRatioX="0.0" labelRatioY="0.0" nodeRatioX="0.0" nodeRatioY="0.0" offsetX="0.0" offsetY="0.0" upX="0.0" upY="-1.0"/></y:ModelParameter></y:NodeLabel>
          <y:Shape type="rectangle"/>
        </y:ShapeNode>
      </data>
    </node>
    <node id="n43">
      <data key="d6">
        <y:ShapeNode>
          <y:Geometry height="32.0" width="346.0" x="1117.0" y="614.0"/>
          <y:Fill color="#222222" transparent="false"/>
          <y:BorderStyle color="#000000" raised="false" type="line" width="1.0"/>
          <y:NodeLabel alignment="center" autoSizePolicy="content" fontFamily="Consolas" fontSize="12" fontStyle="plain" hasBackgroundColor="false" hasLineColor="false" height="16.0" horizontalTextPosition="center" iconTextGap="4" modelName="custom" textColor="#00FF00" verticalTextPosition="bottom" visible="true" width="162.34375" x="91.828125" xml:space="preserve" y="8.0">- sampleButton : Button <y:LabelModel><y:SmartNodeLabelModel distance="4.0"/></y:LabelModel><y:ModelParameter><y:SmartNodeLabelModelParameter labelRatioX="0.0" labelRatioY="0.0" nodeRatioX="0.0" nodeRatioY="0.0" offsetX="0.0" offsetY="0.0" upX="0.0" upY="-1.0"/></y:ModelParameter></y:NodeLabel>
          <y:Shape type="rectangle"/>
        </y:ShapeNode>
      </data>
    </node>
    <node id="n44">
      <data key="d6">
        <y:ShapeNode>
          <y:Geometry height="32.0" width="346.0" x="1117.0" y="644.0"/>
          <y:Fill color="#222222" transparent="false"/>
          <y:BorderStyle color="#000000" raised="false" type="line" width="1.0"/>
          <y:NodeLabel alignment="center" autoSizePolicy="content" fontFamily="Consolas" fontSize="12" fontStyle="plain" hasBackgroundColor="false" hasLineColor="false" height="16.0" horizontalTextPosition="center" iconTextGap="4" modelName="custom" textColor="#00FF00" verticalTextPosition="bottom" visible="true" width="142.55078125" x="101.724609375" xml:space="preserve" y="8.0">- sampleLabel : Label<y:LabelModel><y:SmartNodeLabelModel distance="4.0"/></y:LabelModel><y:ModelParameter><y:SmartNodeLabelModelParameter labelRatioX="0.0" labelRatioY="0.0" nodeRatioX="0.0" nodeRatioY="0.0" offsetX="0.0" offsetY="0.0" upX="0.0" upY="-1.0"/></y:ModelParameter></y:NodeLabel>
          <y:Shape type="rectangle"/>
        </y:ShapeNode>
      </data>
    </node>
    <node id="n45">
      <data key="d6">
        <y:ShapeNode>
          <y:Geometry height="32.0" width="346.0" x="1117.0" y="584.0"/>
          <y:Fill color="#222222" transparent="false"/>
          <y:BorderStyle color="#000000" raised="false" type="line" width="1.0"/>
          <y:NodeLabel alignment="center" autoSizePolicy="content" fontFamily="Consolas" fontSize="12" fontStyle="plain" hasBackgroundColor="false" hasLineColor="false" height="16.0" horizontalTextPosition="center" iconTextGap="4" modelName="custom" textColor="#C0C0C0" verticalTextPosition="bottom" visible="true" width="83.171875" x="131.4140625" xml:space="preserve" y="8.0">SampleScreen<y:LabelModel><y:SmartNodeLabelModel distance="4.0"/></y:LabelModel><y:ModelParameter><y:SmartNodeLabelModelParameter labelRatioX="0.0" labelRatioY="0.0" nodeRatioX="0.0" nodeRatioY="0.0" offsetX="0.0" offsetY="0.0" upX="0.0" upY="-1.0"/></y:ModelParameter></y:NodeLabel>
          <y:Shape type="rectangle"/>
        </y:ShapeNode>
      </data>
    </node>
    <node id="n46">
      <data key="d6">
        <y:ShapeNode>
          <y:Geometry height="32.0" width="346.0" x="1117.0" y="674.0"/>
          <y:Fill color="#222222" transparent="false"/>
          <y:BorderStyle color="#000000" raised="false" type="line" width="1.0"/>
          <y:NodeLabel alignment="center" autoSizePolicy="content" fontFamily="Consolas" fontSize="12" fontStyle="plain" hasBackgroundColor="false" hasLineColor="false" height="16.0" horizontalTextPosition="center" iconTextGap="4" modelName="custom" textColor="#00FFFF" verticalTextPosition="bottom" visible="true" width="149.1484375" x="98.42578125" xml:space="preserve" y="8.0">- changeLabel() : void<y:LabelModel><y:SmartNodeLabelModel distance="4.0"/></y:LabelModel><y:ModelParameter><y:SmartNodeLabelModelParameter labelRatioX="0.0" labelRatioY="0.0" nodeRatioX="0.0" nodeRatioY="0.0" offsetX="0.0" offsetY="0.0" upX="0.0" upY="-1.0"/></y:ModelParameter></y:NodeLabel>
          <y:Shape type="rectangle"/>
        </y:ShapeNode>
      </data>
    </node>
    <edge id="e0" source="n15" target="n21">
      <data key="d10">
        <y:PolyLineEdge>
          <y:Path sx="0.0" sy="0.0" tx="0.0" ty="0.0"/>
          <y:LineStyle color="#C0C0C0" type="line" width="1.0"/>
          <y:Arrows source="none" target="white_delta"/>
          <y:BendStyle smoothed="false"/>
        </y:PolyLineEdge>
      </data>
    </edge>
    <edge id="e1" source="n24" target="n21">
      <data key="d10">
        <y:PolyLineEdge>
          <y:Path sx="0.0" sy="0.0" tx="0.0" ty="0.0">
            <y:Point x="360.0" y="480.0"/>
          </y:Path>
          <y:LineStyle color="#C0C0C0" type="line" width="1.0"/>
          <y:Arrows source="none" target="white_delta"/>
          <y:BendStyle smoothed="false"/>
        </y:PolyLineEdge>
      </data>
    </edge>
    <edge id="e2" source="n28" target="n21">
      <data key="d10">
        <y:PolyLineEdge>
          <y:Path sx="0.0" sy="0.0" tx="-150.0" ty="0.0">
            <y:Point x="-30.0" y="480.0"/>
          </y:Path>
          <y:LineStyle color="#C0C0C0" type="line" width="1.0"/>
          <y:Arrows source="none" target="white_delta"/>
          <y:BendStyle smoothed="false"/>
        </y:PolyLineEdge>
      </data>
    </edge>
    <edge id="e3" source="n37" target="n21">
      <data key="d10">
        <y:PolyLineEdge>
          <y:Path sx="0.0" sy="0.0" tx="-135.91666666666652" ty="0.0">
            <y:Point x="-420.0" y="480.0"/>
          </y:Path>
          <y:LineStyle color="#C0C0C0" type="line" width="1.0"/>
          <y:Arrows source="none" target="white_delta"/>
          <y:BendStyle smoothed="false"/>
        </y:PolyLineEdge>
      </data>
    </edge>
    <edge id="e4" source="n45" target="n9">
      <data key="d10">
        <y:PolyLineEdge>
          <y:Path sx="0.0" sy="0.0" tx="0.0" ty="0.0"/>
          <y:LineStyle color="#C0C0C0" type="line" width="1.0"/>
          <y:Arrows source="none" target="white_delta"/>
          <y:BendStyle smoothed="false"/>
        </y:PolyLineEdge>
      </data>
    </edge>
  </graph>
  <data key="d7">
    <y:Resources/>
  </data>
</graphml>
