<?xml version="1.0" encoding="UTF-8" standalone="no"?>
<graphml xmlns="http://graphml.graphdrawing.org/xmlns" xmlns:java="http://www.yworks.com/xml/yfiles-common/1.0/java" xmlns:sys="http://www.yworks.com/xml/yfiles-common/markup/primitives/2.0" xmlns:x="http://www.yworks.com/xml/yfiles-common/markup/2.0" xmlns:xsi="http://www.w3.org/2001/XMLSchema-instance" xmlns:y="http://www.yworks.com/xml/graphml" xmlns:yed="http://www.yworks.com/xml/yed/3" xsi:schemaLocation="http://graphml.graphdrawing.org/xmlns http://www.yworks.com/xml/schema/graphml/1.1/ygraphml.xsd">
  <!--Created by yEd 3.18.1.1-->
  <key attr.name="Beschreibung" attr.type="string" for="graph" id="d0"/>
  <key for="port" id="d1" yfiles.type="portgraphics"/>
  <key for="port" id="d2" yfiles.type="portgeometry"/>
  <key for="port" id="d3" yfiles.type="portuserdata"/>
  <key attr.name="url" attr.type="string" for="node" id="d4"/>
  <key attr.name="description" attr.type="string" for="node" id="d5"/>
  <key for="node" id="d6" yfiles.type="nodegraphics"/>
  <key for="graphml" id="d7" yfiles.type="resources"/>
  <key attr.name="url" attr.type="string" for="edge" id="d8"/>
  <key attr.name="description" attr.type="string" for="edge" id="d9"/>
  <key for="edge" id="d10" yfiles.type="edgegraphics"/>
  <graph edgedefault="directed" id="G">
    <data key="d0"/>
    <node id="n0">
      <data key="d5"/>
      <data key="d6">
        <y:ShapeNode>
          <y:Geometry height="30.0" width="279.3600000000001" x="510.0" y="375.0"/>
          <y:Fill color="#FFCC00" transparent="false"/>
          <y:BorderStyle color="#000000" raised="false" type="line" width="1.0"/>
          <y:NodeLabel alignment="center" autoSizePolicy="content" fontFamily="Consolas" fontSize="12" fontStyle="plain" hasBackgroundColor="false" hasLineColor="false" height="16.0" horizontalTextPosition="center" iconTextGap="4" modelName="custom" textColor="#000000" verticalTextPosition="bottom" visible="true" width="30.390625" x="124.48468750000006" xml:space="preserve" y="7.0">User<y:LabelModel><y:SmartNodeLabelModel distance="4.0"/></y:LabelModel><y:ModelParameter><y:SmartNodeLabelModelParameter labelRatioX="0.0" labelRatioY="0.0" nodeRatioX="0.0" nodeRatioY="0.0" offsetX="0.0" offsetY="0.0" upX="0.0" upY="-1.0"/></y:ModelParameter></y:NodeLabel>
          <y:Shape type="rectangle"/>
        </y:ShapeNode>
      </data>
    </node>
    <node id="n1">
      <data key="d5"/>
      <data key="d6">
        <y:ShapeNode>
          <y:Geometry height="123.44000000000005" width="279.3600000000001" x="510.0" y="405.0"/>
          <y:Fill color="#FFCC00" transparent="false"/>
          <y:BorderStyle color="#000000" raised="false" type="line" width="1.0"/>
          <y:NodeLabel alignment="center" autoSizePolicy="content" fontFamily="Consolas" fontSize="12" fontStyle="plain" hasBackgroundColor="false" hasLineColor="false" height="100.0" horizontalTextPosition="center" iconTextGap="4" modelName="custom" textColor="#000000" verticalTextPosition="bottom" visible="true" width="241.515625" x="18.922187500000064" xml:space="preserve" y="11.720000000000027">ID : INT
Name : VARCHAR (128)
Mail : VARCHAR (128)
Password : VARCHAR (128)
LoginToken : VARCHAR (128)
EventsHosted : VARCHAR (128) JSON[]
EventsInvited : VARCHAR (128) JSON[]
TicketsOwned : VARCHAR (128) JSON[]<y:LabelModel><y:SmartNodeLabelModel distance="4.0"/></y:LabelModel><y:ModelParameter><y:SmartNodeLabelModelParameter labelRatioX="0.0" labelRatioY="0.0" nodeRatioX="0.0" nodeRatioY="0.0" offsetX="0.0" offsetY="0.0" upX="0.0" upY="-1.0"/></y:ModelParameter></y:NodeLabel>
          <y:Shape type="rectangle"/>
        </y:ShapeNode>
      </data>
    </node>
    <node id="n2">
      <data key="d5"/>
      <data key="d6">
        <y:ShapeNode>
          <y:Geometry height="30.0" width="279.3600000000001" x="1120.32" y="375.0"/>
          <y:Fill color="#FFCC00" transparent="false"/>
          <y:BorderStyle color="#000000" raised="false" type="line" width="1.0"/>
          <y:NodeLabel alignment="center" autoSizePolicy="content" fontFamily="Consolas" fontSize="12" fontStyle="plain" hasBackgroundColor="false" hasLineColor="false" height="16.0" horizontalTextPosition="center" iconTextGap="4" modelName="custom" textColor="#000000" verticalTextPosition="bottom" visible="true" width="36.98828125" x="121.18585937500006" xml:space="preserve" y="7.0">Event<y:LabelModel><y:SmartNodeLabelModel distance="4.0"/></y:LabelModel><y:ModelParameter><y:SmartNodeLabelModelParameter labelRatioX="0.0" labelRatioY="0.0" nodeRatioX="0.0" nodeRatioY="0.0" offsetX="0.0" offsetY="0.0" upX="0.0" upY="-1.0"/></y:ModelParameter></y:NodeLabel>
          <y:Shape type="rectangle"/>
        </y:ShapeNode>
      </data>
    </node>
    <node id="n3">
      <data key="d5"/>
      <data key="d6">
        <y:ShapeNode>
          <y:Geometry height="123.44000000000005" width="279.3600000000001" x="1120.32" y="405.0"/>
          <y:Fill color="#FFCC00" transparent="false"/>
          <y:BorderStyle color="#000000" raised="false" type="line" width="1.0"/>
          <y:NodeLabel alignment="center" autoSizePolicy="content" fontFamily="Consolas" fontSize="12" fontStyle="plain" hasBackgroundColor="false" hasLineColor="false" height="64.0" horizontalTextPosition="center" iconTextGap="4" modelName="custom" textColor="#000000" verticalTextPosition="bottom" visible="true" width="135.953125" x="71.70343750000006" xml:space="preserve" y="29.720000000000027">ID : INT
Name : VARCHAR (128)
Desc : VARCHAR (128)
Location : INT
Ticket : INT<y:LabelModel><y:SmartNodeLabelModel distance="4.0"/></y:LabelModel><y:ModelParameter><y:SmartNodeLabelModelParameter labelRatioX="0.0" labelRatioY="0.0" nodeRatioX="0.0" nodeRatioY="0.0" offsetX="0.0" offsetY="0.0" upX="0.0" upY="-1.0"/></y:ModelParameter></y:NodeLabel>
          <y:Shape type="rectangle"/>
        </y:ShapeNode>
      </data>
    </node>
    <node id="n4">
      <data key="d5"/>
      <data key="d6">
        <y:ShapeNode>
          <y:Geometry height="89.0" width="89.0" x="910.34" y="585.5"/>
          <y:Fill color="#FFCC00" transparent="false"/>
          <y:BorderStyle color="#000000" raised="false" type="line" width="1.0"/>
          <y:NodeLabel alignment="center" autoSizePolicy="content" fontFamily="Consolas" fontSize="12" fontStyle="plain" hasBackgroundColor="false" hasLineColor="false" height="28.0" horizontalTextPosition="center" iconTextGap="4" modelName="custom" textColor="#000000" verticalTextPosition="bottom" visible="true" width="50.18359375" x="19.408203125" xml:space="preserve" y="30.5">1 : n
creates<y:LabelModel><y:SmartNodeLabelModel distance="4.0"/></y:LabelModel><y:ModelParameter><y:SmartNodeLabelModelParameter labelRatioX="0.0" labelRatioY="0.0" nodeRatioX="0.0" nodeRatioY="0.0" offsetX="0.0" offsetY="0.0" upX="0.0" upY="-1.0"/></y:ModelParameter></y:NodeLabel>
          <y:Shape type="diamond"/>
        </y:ShapeNode>
      </data>
    </node>
    <node id="n5">
      <data key="d5"/>
      <data key="d6">
        <y:ShapeNode>
          <y:Geometry height="89.0" width="89.0" x="910.34" y="705.5"/>
          <y:Fill color="#FFCC00" transparent="false"/>
          <y:BorderStyle color="#000000" raised="false" type="line" width="1.0"/>
          <y:NodeLabel alignment="center" autoSizePolicy="content" fontFamily="Consolas" fontSize="12" fontStyle="plain" hasBackgroundColor="false" hasLineColor="false" height="28.0" horizontalTextPosition="center" iconTextGap="4" modelName="custom" textColor="#000000" verticalTextPosition="bottom" visible="true" width="50.18359375" x="19.408203125" xml:space="preserve" y="30.5">1 : n
deletes<y:LabelModel><y:SmartNodeLabelModel distance="4.0"/></y:LabelModel><y:ModelParameter><y:SmartNodeLabelModelParameter labelRatioX="0.0" labelRatioY="0.0" nodeRatioX="0.0" nodeRatioY="0.0" offsetX="0.0" offsetY="0.0" upX="0.0" upY="-1.0"/></y:ModelParameter></y:NodeLabel>
          <y:Shape type="diamond"/>
        </y:ShapeNode>
      </data>
    </node>
    <node id="n6">
      <data key="d5"/>
      <data key="d6">
        <y:ShapeNode>
          <y:Geometry height="89.0" width="89.0" x="315.5" y="422.22"/>
          <y:Fill color="#FFCC00" transparent="false"/>
          <y:BorderStyle color="#000000" raised="false" type="line" width="1.0"/>
          <y:NodeLabel alignment="center" autoSizePolicy="content" fontFamily="Consolas" fontSize="12" fontStyle="plain" hasBackgroundColor="false" hasLineColor="false" height="28.0" horizontalTextPosition="center" iconTextGap="4" modelName="custom" textColor="#000000" verticalTextPosition="bottom" visible="true" width="50.18359375" x="19.408203125" xml:space="preserve" y="30.5">1 : 1
invites<y:LabelModel><y:SmartNodeLabelModel distance="4.0"/></y:LabelModel><y:ModelParameter><y:SmartNodeLabelModelParameter labelRatioX="0.0" labelRatioY="0.0" nodeRatioX="0.0" nodeRatioY="0.0" offsetX="0.0" offsetY="0.0" upX="0.0" upY="-1.0"/></y:ModelParameter></y:NodeLabel>
          <y:Shape type="diamond"/>
        </y:ShapeNode>
      </data>
    </node>
    <node id="n7">
      <data key="d5"/>
      <data key="d6">
        <y:ShapeNode>
          <y:Geometry height="30.0" width="279.3600000000001" x="1090.32" y="808.28"/>
          <y:Fill color="#FFCC00" transparent="false"/>
          <y:BorderStyle color="#000000" raised="false" type="line" width="1.0"/>
          <y:NodeLabel alignment="center" autoSizePolicy="content" fontFamily="Consolas" fontSize="12" fontStyle="plain" hasBackgroundColor="false" hasLineColor="false" height="16.0" horizontalTextPosition="center" iconTextGap="4" modelName="custom" textColor="#000000" verticalTextPosition="bottom" visible="true" width="56.78125" x="111.28937500000006" xml:space="preserve" y="7.0">Location<y:LabelModel><y:SmartNodeLabelModel distance="4.0"/></y:LabelModel><y:ModelParameter><y:SmartNodeLabelModelParameter labelRatioX="0.0" labelRatioY="0.0" nodeRatioX="0.0" nodeRatioY="0.0" offsetX="0.0" offsetY="0.0" upX="0.0" upY="-1.0"/></y:ModelParameter></y:NodeLabel>
          <y:Shape type="rectangle"/>
        </y:ShapeNode>
      </data>
    </node>
    <node id="n8">
      <data key="d5"/>
      <data key="d6">
        <y:ShapeNode>
          <y:Geometry height="123.44000000000005" width="279.3600000000001" x="1090.32" y="838.28"/>
          <y:Fill color="#FFCC00" transparent="false"/>
          <y:BorderStyle color="#000000" raised="false" type="line" width="1.0"/>
          <y:NodeLabel alignment="center" autoSizePolicy="content" fontFamily="Consolas" fontSize="12" fontStyle="plain" hasBackgroundColor="false" hasLineColor="false" height="64.0" horizontalTextPosition="center" iconTextGap="4" modelName="custom" textColor="#000000" verticalTextPosition="bottom" visible="true" width="228.3203125" x="25.519843750000064" xml:space="preserve" y="29.720000000000027">ID : INT
Name : VARCHAR (128)
Desc : VARCHAR (128)
Coordinates : VARCHAR (32) LatLong
Owner : INT<y:LabelModel><y:SmartNodeLabelModel distance="4.0"/></y:LabelModel><y:ModelParameter><y:SmartNodeLabelModelParameter labelRatioX="0.0" labelRatioY="0.0" nodeRatioX="0.0" nodeRatioY="0.0" offsetX="0.0" offsetY="0.0" upX="0.0" upY="-1.0"/></y:ModelParameter></y:NodeLabel>
          <y:Shape type="rectangle"/>
        </y:ShapeNode>
      </data>
    </node>
    <node id="n9">
      <data key="d5"/>
      <data key="d6">
        <y:ShapeNode>
          <y:Geometry height="89.0" width="89.0" x="910.34" y="855.5"/>
          <y:Fill color="#FFCC00" transparent="false"/>
          <y:BorderStyle color="#000000" raised="false" type="line" width="1.0"/>
          <y:NodeLabel alignment="center" autoSizePolicy="content" fontFamily="Consolas" fontSize="12" fontStyle="plain" hasBackgroundColor="false" hasLineColor="false" height="28.0" horizontalTextPosition="center" iconTextGap="4" modelName="custom" textColor="#000000" verticalTextPosition="bottom" visible="true" width="89.76953125" x="-0.384765625" xml:space="preserve" y="30.5">1 : n
creates/ owns<y:LabelModel><y:SmartNodeLabelModel distance="4.0"/></y:LabelModel><y:ModelParameter><y:SmartNodeLabelModelParameter labelRatioX="0.0" labelRatioY="0.0" nodeRatioX="0.0" nodeRatioY="0.0" offsetX="0.0" offsetY="0.0" upX="0.0" upY="-1.0"/></y:ModelParameter></y:NodeLabel>
          <y:Shape type="diamond"/>
        </y:ShapeNode>
      </data>
    </node>
    <node id="n10">
      <data key="d5"/>
      <data key="d6">
        <y:ShapeNode>
          <y:Geometry height="89.0" width="89.0" x="1455.5" y="615.5"/>
          <y:Fill color="#FFCC00" transparent="false"/>
          <y:BorderStyle color="#000000" raised="false" type="line" width="1.0"/>
          <y:NodeLabel alignment="center" autoSizePolicy="content" fontFamily="Consolas" fontSize="12" fontStyle="plain" hasBackgroundColor="false" hasLineColor="false" height="28.0" horizontalTextPosition="center" iconTextGap="4" modelName="custom" textColor="#000000" verticalTextPosition="bottom" visible="true" width="36.98828125" x="26.005859375" xml:space="preserve" y="30.5">1 : 1
has<y:LabelModel><y:SmartNodeLabelModel distance="4.0"/></y:LabelModel><y:ModelParameter><y:SmartNodeLabelModelParameter labelRatioX="0.0" labelRatioY="0.0" nodeRatioX="0.0" nodeRatioY="0.0" offsetX="0.0" offsetY="0.0" upX="0.0" upY="-1.0"/></y:ModelParameter></y:NodeLabel>
          <y:Shape type="diamond"/>
        </y:ShapeNode>
      </data>
    </node>
    <node id="n11">
      <data key="d5"/>
      <data key="d6">
        <y:ShapeNode>
          <y:Geometry height="30.0" width="279.3600000000001" x="1780.32" y="375.0"/>
          <y:Fill color="#FF00FF" transparent="false"/>
          <y:BorderStyle color="#000000" raised="false" type="line" width="1.0"/>
          <y:NodeLabel alignment="center" autoSizePolicy="content" fontFamily="Consolas" fontSize="12" fontStyle="plain" hasBackgroundColor="false" hasLineColor="false" height="16.0" horizontalTextPosition="center" iconTextGap="4" modelName="custom" textColor="#000000" verticalTextPosition="bottom" visible="true" width="43.5859375" x="117.88703125000006" xml:space="preserve" y="7.0">Ticket<y:LabelModel><y:SmartNodeLabelModel distance="4.0"/></y:LabelModel><y:ModelParameter><y:SmartNodeLabelModelParameter labelRatioX="0.0" labelRatioY="0.0" nodeRatioX="0.0" nodeRatioY="0.0" offsetX="0.0" offsetY="0.0" upX="0.0" upY="-1.0"/></y:ModelParameter></y:NodeLabel>
          <y:Shape type="rectangle"/>
        </y:ShapeNode>
      </data>
    </node>
    <node id="n12">
      <data key="d5"/>
      <data key="d6">
        <y:ShapeNode>
          <y:Geometry height="123.44000000000005" width="279.3600000000001" x="1780.32" y="405.0"/>
          <y:Fill color="#FF00FF" transparent="false"/>
          <y:BorderStyle color="#000000" raised="false" type="line" width="1.0"/>
          <y:NodeLabel alignment="center" autoSizePolicy="content" fontFamily="Consolas" fontSize="12" fontStyle="plain" hasBackgroundColor="false" hasLineColor="false" height="52.0" horizontalTextPosition="center" iconTextGap="4" modelName="custom" textColor="#000000" verticalTextPosition="bottom" visible="true" width="149.1484375" x="65.10578125000006" xml:space="preserve" y="35.72000000000003">ID : INT
Event : INT
Name : VARCHAR (128)
QRData : VARCHAR (128)
<y:LabelModel><y:SmartNodeLabelModel distance="4.0"/></y:LabelModel><y:ModelParameter><y:SmartNodeLabelModelParameter labelRatioX="0.0" labelRatioY="0.0" nodeRatioX="0.0" nodeRatioY="0.0" offsetX="0.0" offsetY="0.0" upX="0.0" upY="-1.0"/></y:ModelParameter></y:NodeLabel>
          <y:Shape type="rectangle"/>
        </y:ShapeNode>
      </data>
    </node>
    <node id="n13">
      <data key="d5"/>
      <data key="d6">
        <y:ShapeNode>
          <y:Geometry height="89.0" width="89.0" x="885.5" y="225.5"/>
          <y:Fill color="#FF00FF" transparent="false"/>
          <y:BorderStyle color="#000000" raised="false" type="line" width="1.0"/>
          <y:NodeLabel alignment="center" autoSizePolicy="content" fontFamily="Consolas" fontSize="12" fontStyle="plain" hasBackgroundColor="false" hasLineColor="false" height="28.0" horizontalTextPosition="center" iconTextGap="4" modelName="custom" textColor="#000000" verticalTextPosition="bottom" visible="true" width="36.98828125" x="26.005859375" xml:space="preserve" y="30.5">1 : n
owns<y:LabelModel><y:SmartNodeLabelModel distance="4.0"/></y:LabelModel><y:ModelParameter><y:SmartNodeLabelModelParameter labelRatioX="0.0" labelRatioY="0.0" nodeRatioX="0.0" nodeRatioY="0.0" offsetX="0.0" offsetY="0.0" upX="0.0" upY="-1.0"/></y:ModelParameter></y:NodeLabel>
          <y:Shape type="diamond"/>
        </y:ShapeNode>
      </data>
    </node>
    <node id="n14">
      <data key="d5"/>
      <data key="d6">
        <y:ShapeNode>
          <y:Geometry height="89.0" width="89.0" x="1545.5" y="422.22"/>
          <y:Fill color="#FFCC00" transparent="false"/>
          <y:BorderStyle color="#000000" raised="false" type="line" width="1.0"/>
          <y:NodeLabel alignment="center" autoSizePolicy="content" fontFamily="Consolas" fontSize="12" fontStyle="plain" hasBackgroundColor="false" hasLineColor="false" height="40.0" horizontalTextPosition="center" iconTextGap="4" modelName="custom" textColor="#000000" verticalTextPosition="bottom" visible="true" width="50.18359375" x="19.408203125" xml:space="preserve" y="24.5">1 : 1
belongs
2<y:LabelModel><y:SmartNodeLabelModel distance="4.0"/></y:LabelModel><y:ModelParameter><y:SmartNodeLabelModelParameter labelRatioX="0.0" labelRatioY="0.0" nodeRatioX="0.0" nodeRatioY="0.0" offsetX="0.0" offsetY="0.0" upX="0.0" upY="-1.0"/></y:ModelParameter></y:NodeLabel>
          <y:Shape type="diamond"/>
        </y:ShapeNode>
      </data>
    </node>
    <edge id="e0" source="n1" target="n4">
      <data key="d9"/>
      <data key="d10">
        <y:PolyLineEdge>
          <y:Path sx="0.0" sy="0.0" tx="0.0" ty="0.0">
            <y:Point x="649.6800000000001" y="630.0"/>
          </y:Path>
          <y:LineStyle color="#C0C0C0" type="line" width="1.0"/>
          <y:Arrows source="none" target="standard"/>
          <y:BendStyle smoothed="false"/>
        </y:PolyLineEdge>
      </data>
    </edge>
    <edge id="e1" source="n4" target="n3">
      <data key="d9"/>
      <data key="d10">
        <y:PolyLineEdge>
          <y:Path sx="0.0" sy="0.0" tx="0.0" ty="0.0">
            <y:Point x="1260.0" y="630.0"/>
          </y:Path>
          <y:LineStyle color="#C0C0C0" type="line" width="1.0"/>
          <y:Arrows source="none" target="standard"/>
          <y:BendStyle smoothed="false"/>
        </y:PolyLineEdge>
      </data>
    </edge>
    <edge id="e2" source="n1" target="n5">
      <data key="d9"/>
      <data key="d10">
        <y:PolyLineEdge>
          <y:Path sx="0.0" sy="0.0" tx="0.0" ty="0.0">
            <y:Point x="649.6800000000001" y="750.0"/>
          </y:Path>
          <y:LineStyle color="#C0C0C0" type="line" width="1.0"/>
          <y:Arrows source="none" target="standard"/>
          <y:BendStyle smoothed="false"/>
        </y:PolyLineEdge>
      </data>
    </edge>
    <edge id="e3" source="n5" target="n3">
      <data key="d9"/>
      <data key="d10">
        <y:PolyLineEdge>
          <y:Path sx="0.0" sy="0.0" tx="0.0" ty="-1.351199999999153">
            <y:Point x="1260.0" y="750.0"/>
          </y:Path>
          <y:LineStyle color="#C0C0C0" type="line" width="1.0"/>
          <y:Arrows source="none" target="standard"/>
          <y:BendStyle smoothed="false"/>
        </y:PolyLineEdge>
      </data>
    </edge>
    <edge id="e4" source="n1" target="n6">
      <data key="d9"/>
      <data key="d10">
        <y:PolyLineEdge>
          <y:Path sx="0.0" sy="0.0" tx="0.0" ty="0.0"/>
          <y:LineStyle color="#C0C0C0" type="line" width="1.0"/>
          <y:Arrows source="none" target="standard"/>
          <y:BendStyle smoothed="false"/>
        </y:PolyLineEdge>
      </data>
    </edge>
    <edge id="e5" source="n6" target="n0">
      <data key="d9"/>
      <data key="d10">
        <y:PolyLineEdge>
          <y:Path sx="0.0" sy="0.0" tx="0.0" ty="0.0">
            <y:Point x="360.0" y="330.0"/>
            <y:Point x="649.6800000000001" y="330.0"/>
          </y:Path>
          <y:LineStyle color="#C0C0C0" type="line" width="1.0"/>
          <y:Arrows source="none" target="standard"/>
          <y:BendStyle smoothed="false"/>
        </y:PolyLineEdge>
      </data>
    </edge>
    <edge id="e6" source="n1" target="n9">
      <data key="d9"/>
      <data key="d10">
        <y:PolyLineEdge>
          <y:Path sx="0.0" sy="0.0" tx="0.0" ty="0.0">
            <y:Point x="649.6800000000001" y="900.0"/>
          </y:Path>
          <y:LineStyle color="#C0C0C0" type="line" width="1.0"/>
          <y:Arrows source="none" target="standard"/>
          <y:BendStyle smoothed="false"/>
        </y:PolyLineEdge>
      </data>
    </edge>
    <edge id="e7" source="n9" target="n8">
      <data key="d9"/>
      <data key="d10">
        <y:PolyLineEdge>
          <y:Path sx="0.0" sy="0.0" tx="0.0" ty="0.0"/>
          <y:LineStyle color="#C0C0C0" type="line" width="1.0"/>
          <y:Arrows source="none" target="standard"/>
          <y:BendStyle smoothed="false"/>
        </y:PolyLineEdge>
      </data>
    </edge>
    <edge id="e8" source="n3" target="n10">
      <data key="d9"/>
      <data key="d10">
        <y:PolyLineEdge>
          <y:Path sx="0.0" sy="0.0" tx="0.0" ty="0.0">
            <y:Point x="1500.0" y="466.72"/>
          </y:Path>
          <y:LineStyle color="#C0C0C0" type="line" width="1.0"/>
          <y:Arrows source="none" target="standard"/>
          <y:BendStyle smoothed="false"/>
        </y:PolyLineEdge>
      </data>
    </edge>
    <edge id="e9" source="n10" target="n8">
      <data key="d9"/>
      <data key="d10">
        <y:PolyLineEdge>
          <y:Path sx="0.0" sy="0.0" tx="0.0" ty="0.0">
            <y:Point x="1500.0" y="900.0"/>
          </y:Path>
          <y:LineStyle color="#C0C0C0" type="line" width="1.0"/>
          <y:Arrows source="none" target="standard"/>
          <y:BendStyle smoothed="false"/>
        </y:PolyLineEdge>
      </data>
    </edge>
    <edge id="e10" source="n0" target="n13">
      <data key="d9"/>
      <data key="d10">
        <y:PolyLineEdge>
          <y:Path sx="0.0" sy="0.0" tx="0.0" ty="0.0">
            <y:Point x="649.6800000000001" y="270.0"/>
          </y:Path>
          <y:LineStyle color="#C0C0C0" type="line" width="1.0"/>
          <y:Arrows source="none" target="standard"/>
          <y:BendStyle smoothed="false"/>
        </y:PolyLineEdge>
      </data>
    </edge>
    <edge id="e11" source="n13" target="n11">
      <data key="d9"/>
      <data key="d10">
        <y:PolyLineEdge>
          <y:Path sx="0.0" sy="0.0" tx="0.0" ty="0.0">
            <y:Point x="1920.0" y="268.7208937500026"/>
          </y:Path>
          <y:LineStyle color="#C0C0C0" type="line" width="1.0"/>
          <y:Arrows source="none" target="standard"/>
          <y:BendStyle smoothed="false"/>
        </y:PolyLineEdge>
      </data>
    </edge>
    <edge id="e12" source="n12" target="n14">
      <data key="d9"/>
      <data key="d10">
        <y:PolyLineEdge>
          <y:Path sx="0.0" sy="0.0" tx="0.0" ty="0.0"/>
          <y:LineStyle color="#C0C0C0" type="line" width="1.0"/>
          <y:Arrows source="none" target="standard"/>
          <y:BendStyle smoothed="false"/>
        </y:PolyLineEdge>
      </data>
    </edge>
    <edge id="e13" source="n14" target="n3">
      <data key="d9"/>
      <data key="d10">
        <y:PolyLineEdge>
          <y:Path sx="0.0" sy="0.0" tx="0.0" ty="0.0"/>
          <y:LineStyle color="#C0C0C0" type="line" width="1.0"/>
          <y:Arrows source="none" target="standard"/>
          <y:BendStyle smoothed="false"/>
        </y:PolyLineEdge>
      </data>
    </edge>
  </graph>
  <data key="d7">
    <y:Resources/>
  </data>
</graphml>
