<?xml version="1.0" encoding="UTF-8" standalone="no"?>
<graphml xmlns="http://graphml.graphdrawing.org/xmlns" xmlns:java="http://www.yworks.com/xml/yfiles-common/1.0/java" xmlns:sys="http://www.yworks.com/xml/yfiles-common/markup/primitives/2.0" xmlns:x="http://www.yworks.com/xml/yfiles-common/markup/2.0" xmlns:xsi="http://www.w3.org/2001/XMLSchema-instance" xmlns:y="http://www.yworks.com/xml/graphml" xmlns:yed="http://www.yworks.com/xml/yed/3" xsi:schemaLocation="http://graphml.graphdrawing.org/xmlns http://www.yworks.com/xml/schema/graphml/1.1/ygraphml.xsd">
  <!--Created by yEd 3.16.1-->
  <key attr.name="Beschreibung" attr.type="string" for="graph" id="d0"/>
  <key for="port" id="d1" yfiles.type="portgraphics"/>
  <key for="port" id="d2" yfiles.type="portgeometry"/>
  <key for="port" id="d3" yfiles.type="portuserdata"/>
  <key attr.name="url" attr.type="string" for="node" id="d4"/>
  <key attr.name="description" attr.type="string" for="node" id="d5"/>
  <key for="node" id="d6" yfiles.type="nodegraphics"/>
  <key for="graphml" id="d7" yfiles.type="resources"/>
  <key attr.name="url" attr.type="string" for="edge" id="d8"/>
  <key attr.name="description" attr.type="string" for="edge" id="d9"/>
  <key for="edge" id="d10" yfiles.type="edgegraphics"/>
  <graph edgedefault="directed" id="G">
    <data key="d0"/>
    <node id="n0">
      <data key="d6">
        <y:ShapeNode>
          <y:Geometry height="1005.0" width="1447.5" x="237.5" y="-35.0"/>
          <y:Fill hasColor="false" transparent="false"/>
          <y:BorderStyle color="#000000" raised="false" type="line" width="1.0"/>
          <y:NodeLabel alignment="center" autoSizePolicy="content" fontFamily="Dialog" fontSize="12" fontStyle="plain" hasBackgroundColor="false" hasLineColor="false" hasText="false" height="4.0" horizontalTextPosition="center" iconTextGap="4" modelName="custom" textColor="#000000" verticalTextPosition="bottom" visible="true" width="4.0" x="721.75" y="500.5">
            <y:LabelModel>
              <y:SmartNodeLabelModel distance="4.0"/>
            </y:LabelModel>
            <y:ModelParameter>
              <y:SmartNodeLabelModelParameter labelRatioX="0.0" labelRatioY="0.0" nodeRatioX="0.0" nodeRatioY="0.0" offsetX="0.0" offsetY="0.0" upX="0.0" upY="-1.0"/>
            </y:ModelParameter>
          </y:NodeLabel>
          <y:Shape type="rectangle"/>
        </y:ShapeNode>
      </data>
    </node>
    <node id="n1">
      <data key="d4"/>
      <data key="d6">
        <y:SVGNode>
          <y:Geometry height="100.0" width="60.0" x="90.0" y="340.0"/>
          <y:Fill color="#FFCC00" transparent="false"/>
          <y:BorderStyle color="#000000" type="line" width="1.0"/>
          <y:NodeLabel alignment="center" autoSizePolicy="content" fontFamily="Dialog" fontSize="13" fontStyle="plain" hasBackgroundColor="false" hasLineColor="false" height="19.92626953125" horizontalTextPosition="center" iconTextGap="4" modelName="custom" textColor="#000000" verticalTextPosition="bottom" visible="true" width="31.447265625" x="14.2763671875" y="104.0">User<y:LabelModel>
              <y:SmartNodeLabelModel distance="4.0"/>
            </y:LabelModel>
            <y:ModelParameter>
              <y:SmartNodeLabelModelParameter labelRatioX="0.0" labelRatioY="-0.5" nodeRatioX="0.0" nodeRatioY="0.5" offsetX="0.0" offsetY="4.0" upX="0.0" upY="-1.0"/>
            </y:ModelParameter>
          </y:NodeLabel>
          <y:SVGNodeProperties usingVisualBounds="false"/>
          <y:SVGModel svgBoundsPolicy="0">
            <y:SVGContent refid="1"/>
          </y:SVGModel>
        </y:SVGNode>
      </data>
    </node>
    <node id="n2">
      <data key="d6">
        <y:GenericNode configuration="com.yworks.flowchart.start1">
          <y:Geometry height="92.0" width="183.0" x="581.5" y="344.0"/>
          <y:Fill color="#E8EEF7" color2="#B7C9E3" transparent="false"/>
          <y:BorderStyle color="#000000" type="line" width="1.0"/>
          <y:NodeLabel alignment="center" autoSizePolicy="content" fontFamily="Dialog" fontSize="12" fontStyle="plain" hasBackgroundColor="false" hasLineColor="false" height="18.701171875" horizontalTextPosition="center" iconTextGap="4" modelName="custom" textColor="#000000" verticalTextPosition="bottom" visible="true" width="81.40234375" x="50.798828125" y="36.6494140625">Konto anlegen<y:LabelModel>
              <y:SmartNodeLabelModel distance="4.0"/>
            </y:LabelModel>
            <y:ModelParameter>
              <y:SmartNodeLabelModelParameter labelRatioX="0.0" labelRatioY="0.0" nodeRatioX="0.0" nodeRatioY="0.0" offsetX="0.0" offsetY="0.0" upX="0.0" upY="-1.0"/>
            </y:ModelParameter>
          </y:NodeLabel>
        </y:GenericNode>
      </data>
    </node>
    <node id="n3">
      <data key="d6">
        <y:GenericNode configuration="com.yworks.flowchart.start1">
          <y:Geometry height="92.0" width="183.0" x="838.5" y="254.0"/>
          <y:Fill color="#E8EEF7" color2="#B7C9E3" transparent="false"/>
          <y:BorderStyle color="#000000" type="line" width="1.0"/>
          <y:NodeLabel alignment="center" autoSizePolicy="content" fontFamily="Dialog" fontSize="12" fontStyle="plain" hasBackgroundColor="false" hasLineColor="false" height="18.701171875" horizontalTextPosition="center" iconTextGap="4" modelName="custom" textColor="#000000" verticalTextPosition="bottom" visible="true" width="33.361328125" x="74.8193359375" y="36.6494140625">Login<y:LabelModel>
              <y:SmartNodeLabelModel distance="4.0"/>
            </y:LabelModel>
            <y:ModelParameter>
              <y:SmartNodeLabelModelParameter labelRatioX="0.0" labelRatioY="0.0" nodeRatioX="0.0" nodeRatioY="0.0" offsetX="0.0" offsetY="0.0" upX="0.0" upY="-1.0"/>
            </y:ModelParameter>
          </y:NodeLabel>
        </y:GenericNode>
      </data>
    </node>
    <node id="n4">
      <data key="d6">
        <y:GenericNode configuration="com.yworks.flowchart.start1">
          <y:Geometry height="92.0" width="183.0" x="1108.5" y="254.0"/>
          <y:Fill color="#E8EEF7" color2="#B7C9E3" transparent="false"/>
          <y:BorderStyle color="#000000" type="line" width="1.0"/>
          <y:NodeLabel alignment="center" autoSizePolicy="content" fontFamily="Dialog" fontSize="12" fontStyle="plain" hasBackgroundColor="false" hasLineColor="false" height="33.40234375" horizontalTextPosition="center" iconTextGap="4" modelName="custom" textColor="#000000" verticalTextPosition="bottom" visible="true" width="49.357421875" x="66.8212890625" y="29.298828125">Event
erstellen<y:LabelModel>
              <y:SmartNodeLabelModel distance="4.0"/>
            </y:LabelModel>
            <y:ModelParameter>
              <y:SmartNodeLabelModelParameter labelRatioX="0.0" labelRatioY="0.0" nodeRatioX="0.0" nodeRatioY="0.0" offsetX="0.0" offsetY="0.0" upX="0.0" upY="-1.0"/>
            </y:ModelParameter>
          </y:NodeLabel>
        </y:GenericNode>
      </data>
    </node>
    <node id="n5">
      <data key="d6">
        <y:GenericNode configuration="com.yworks.flowchart.start1">
          <y:Geometry height="92.0" width="183.0" x="1108.5" y="390.0"/>
          <y:Fill color="#E8EEF7" color2="#B7C9E3" transparent="false"/>
          <y:BorderStyle color="#000000" type="line" width="1.0"/>
          <y:NodeLabel alignment="center" autoSizePolicy="content" fontFamily="Dialog" fontSize="12" fontStyle="plain" hasBackgroundColor="false" hasLineColor="false" height="33.40234375" horizontalTextPosition="center" iconTextGap="4" modelName="custom" textColor="#000000" verticalTextPosition="bottom" visible="true" width="60.712890625" x="61.1435546875" y="29.298828125">Event
bearbeiten<y:LabelModel>
              <y:SmartNodeLabelModel distance="4.0"/>
            </y:LabelModel>
            <y:ModelParameter>
              <y:SmartNodeLabelModelParameter labelRatioX="0.0" labelRatioY="0.0" nodeRatioX="0.0" nodeRatioY="0.0" offsetX="0.0" offsetY="0.0" upX="0.0" upY="-1.0"/>
            </y:ModelParameter>
          </y:NodeLabel>
        </y:GenericNode>
      </data>
    </node>
    <node id="n6">
      <data key="d6">
        <y:GenericNode configuration="com.yworks.flowchart.start1">
          <y:Geometry height="92.0" width="183.0" x="1108.5" y="554.0"/>
          <y:Fill color="#E8EEF7" color2="#B7C9E3" transparent="false"/>
          <y:BorderStyle color="#000000" type="line" width="1.0"/>
          <y:NodeLabel alignment="center" autoSizePolicy="content" fontFamily="Dialog" fontSize="12" fontStyle="plain" hasBackgroundColor="false" hasLineColor="false" height="33.40234375" horizontalTextPosition="center" iconTextGap="4" modelName="custom" textColor="#000000" verticalTextPosition="bottom" visible="true" width="45.361328125" x="68.8193359375" y="29.298828125">Event
löschen<y:LabelModel>
              <y:SmartNodeLabelModel distance="4.0"/>
            </y:LabelModel>
            <y:ModelParameter>
              <y:SmartNodeLabelModelParameter labelRatioX="0.0" labelRatioY="0.0" nodeRatioX="0.0" nodeRatioY="0.0" offsetX="0.0" offsetY="0.0" upX="0.0" upY="-1.0"/>
            </y:ModelParameter>
          </y:NodeLabel>
        </y:GenericNode>
      </data>
    </node>
    <node id="n7">
      <data key="d6">
        <y:GenericNode configuration="com.yworks.flowchart.start1">
          <y:Geometry height="92.0" width="183.0" x="1468.5" y="254.0"/>
          <y:Fill color="#E8EEF7" color2="#B7C9E3" transparent="false"/>
          <y:BorderStyle color="#000000" type="line" width="1.0"/>
          <y:NodeLabel alignment="center" autoSizePolicy="content" fontFamily="Dialog" fontSize="12" fontStyle="plain" hasBackgroundColor="false" hasLineColor="false" height="33.40234375" horizontalTextPosition="center" iconTextGap="4" modelName="custom" textColor="#000000" verticalTextPosition="bottom" visible="true" width="49.375" x="66.8125" y="29.298828125">User
einladen<y:LabelModel>
              <y:SmartNodeLabelModel distance="4.0"/>
            </y:LabelModel>
            <y:ModelParameter>
              <y:SmartNodeLabelModelParameter labelRatioX="0.0" labelRatioY="0.0" nodeRatioX="0.0" nodeRatioY="0.0" offsetX="0.0" offsetY="0.0" upX="0.0" upY="-1.0"/>
            </y:ModelParameter>
          </y:NodeLabel>
        </y:GenericNode>
      </data>
    </node>
    <node id="n8">
      <data key="d6">
        <y:GenericNode configuration="com.yworks.flowchart.start1">
          <y:Geometry height="92.0" width="183.0" x="1108.5" y="44.0"/>
          <y:Fill color="#E8EEF7" color2="#B7C9E3" transparent="false"/>
          <y:BorderStyle color="#000000" type="line" width="1.0"/>
          <y:NodeLabel alignment="center" autoSizePolicy="content" fontFamily="Dialog" fontSize="12" fontStyle="plain" hasBackgroundColor="false" hasLineColor="false" height="33.40234375" horizontalTextPosition="center" iconTextGap="4" modelName="custom" textColor="#000000" verticalTextPosition="bottom" visible="true" width="61.375" x="60.8125" y="29.298828125">Ticket
generieren<y:LabelModel>
              <y:SmartNodeLabelModel distance="4.0"/>
            </y:LabelModel>
            <y:ModelParameter>
              <y:SmartNodeLabelModelParameter labelRatioX="0.0" labelRatioY="0.0" nodeRatioX="0.0" nodeRatioY="0.0" offsetX="0.0" offsetY="0.0" upX="0.0" upY="-1.0"/>
            </y:ModelParameter>
          </y:NodeLabel>
        </y:GenericNode>
      </data>
    </node>
    <node id="n9">
      <data key="d6">
        <y:GenericNode configuration="com.yworks.flowchart.start1">
          <y:Geometry height="92.0" width="183.0" x="838.5" y="674.0"/>
          <y:Fill color="#E8EEF7" color2="#B7C9E3" transparent="false"/>
          <y:BorderStyle color="#000000" type="line" width="1.0"/>
          <y:NodeLabel alignment="center" autoSizePolicy="content" fontFamily="Dialog" fontSize="12" fontStyle="plain" hasBackgroundColor="false" hasLineColor="false" height="33.40234375" horizontalTextPosition="center" iconTextGap="4" modelName="custom" textColor="#000000" verticalTextPosition="bottom" visible="true" width="70.7265625" x="56.13671875" y="29.298828125">Einladungen
ansehen<y:LabelModel>
              <y:SmartNodeLabelModel distance="4.0"/>
            </y:LabelModel>
            <y:ModelParameter>
              <y:SmartNodeLabelModelParameter labelRatioX="0.0" labelRatioY="0.0" nodeRatioX="0.0" nodeRatioY="0.0" offsetX="0.0" offsetY="0.0" upX="0.0" upY="-1.0"/>
            </y:ModelParameter>
          </y:NodeLabel>
        </y:GenericNode>
      </data>
    </node>
    <node id="n10">
      <data key="d6">
        <y:GenericNode configuration="com.yworks.flowchart.start1">
          <y:Geometry height="92.0" width="183.0" x="598.5" y="794.0"/>
          <y:Fill color="#E8EEF7" color2="#B7C9E3" transparent="false"/>
          <y:BorderStyle color="#000000" type="line" width="1.0"/>
          <y:NodeLabel alignment="center" autoSizePolicy="content" fontFamily="Dialog" fontSize="12" fontStyle="plain" hasBackgroundColor="false" hasLineColor="false" height="18.701171875" horizontalTextPosition="center" iconTextGap="4" modelName="custom" textColor="#000000" verticalTextPosition="bottom" visible="true" width="49.369140625" x="66.8154296875" y="36.6494140625">zusagen<y:LabelModel>
              <y:SmartNodeLabelModel distance="4.0"/>
            </y:LabelModel>
            <y:ModelParameter>
              <y:SmartNodeLabelModelParameter labelRatioX="0.0" labelRatioY="0.0" nodeRatioX="0.0" nodeRatioY="0.0" offsetX="0.0" offsetY="0.0" upX="0.0" upY="-1.0"/>
            </y:ModelParameter>
          </y:NodeLabel>
        </y:GenericNode>
      </data>
    </node>
    <node id="n11">
      <data key="d6">
        <y:GenericNode configuration="com.yworks.flowchart.start1">
          <y:Geometry height="92.0" width="183.0" x="838.5" y="841.5"/>
          <y:Fill color="#E8EEF7" color2="#B7C9E3" transparent="false"/>
          <y:BorderStyle color="#000000" type="line" width="1.0"/>
          <y:NodeLabel alignment="center" autoSizePolicy="content" fontFamily="Dialog" fontSize="12" fontStyle="plain" hasBackgroundColor="false" hasLineColor="false" height="18.701171875" horizontalTextPosition="center" iconTextGap="4" modelName="custom" textColor="#000000" verticalTextPosition="bottom" visible="true" width="50.04296875" x="66.478515625" y="36.6494140625">absagen<y:LabelModel>
              <y:SmartNodeLabelModel distance="4.0"/>
            </y:LabelModel>
            <y:ModelParameter>
              <y:SmartNodeLabelModelParameter labelRatioX="0.0" labelRatioY="0.0" nodeRatioX="0.0" nodeRatioY="0.0" offsetX="0.0" offsetY="0.0" upX="0.0" upY="-1.0"/>
            </y:ModelParameter>
          </y:NodeLabel>
        </y:GenericNode>
      </data>
    </node>
    <edge id="e0" source="n1" target="n2">
      <data key="d10">
        <y:PolyLineEdge>
          <y:Path sx="0.0" sy="0.0" tx="0.0" ty="0.0"/>
          <y:LineStyle color="#000000" type="line" width="1.0"/>
          <y:Arrows source="none" target="none"/>
          <y:BendStyle smoothed="false"/>
        </y:PolyLineEdge>
      </data>
    </edge>
    <edge id="e1" source="n2" target="n3">
      <data key="d10">
        <y:PolyLineEdge>
          <y:Path sx="0.0" sy="0.0" tx="0.0" ty="0.0"/>
          <y:LineStyle color="#000000" type="dashed" width="1.0"/>
          <y:Arrows source="none" target="none"/>
          <y:EdgeLabel alignment="center" configuration="AutoFlippingLabel" distance="2.0" fontFamily="Dialog" fontSize="12" fontStyle="plain" hasBackgroundColor="false" hasLineColor="false" height="18.701171875" horizontalTextPosition="center" iconTextGap="4" modelName="custom" preferredPlacement="anywhere" ratio="0.5" textColor="#000000" verticalTextPosition="bottom" visible="true" width="73.392578125" x="42.536201211969" y="-5.311013671621026">&lt;&lt;exclude&gt;&gt;<y:LabelModel>
              <y:SmartEdgeLabelModel autoRotationEnabled="false" defaultAngle="0.0" defaultDistance="10.0"/>
            </y:LabelModel>
            <y:ModelParameter>
              <y:SmartEdgeLabelModelParameter angle="0.0" distance="30.0" distanceToCenter="true" position="right" ratio="0.5" segment="0"/>
            </y:ModelParameter>
            <y:PreferredPlacementDescriptor angle="0.0" angleOffsetOnRightSide="0" angleReference="absolute" angleRotationOnRightSide="co" distance="-1.0" frozen="true" placement="anywhere" side="anywhere" sideReference="relative_to_edge_flow"/>
          </y:EdgeLabel>
          <y:BendStyle smoothed="false"/>
        </y:PolyLineEdge>
      </data>
    </edge>
    <edge id="e2" source="n3" target="n4">
      <data key="d10">
        <y:PolyLineEdge>
          <y:Path sx="0.0" sy="0.0" tx="0.0" ty="0.0"/>
          <y:LineStyle color="#000000" type="dashed" width="1.0"/>
          <y:Arrows source="none" target="none"/>
          <y:EdgeLabel alignment="center" configuration="AutoFlippingLabel" distance="2.0" fontFamily="Dialog" fontSize="12" fontStyle="plain" hasBackgroundColor="false" hasLineColor="false" height="18.701171875" horizontalTextPosition="center" iconTextGap="4" modelName="custom" preferredPlacement="anywhere" ratio="0.5" textColor="#000000" verticalTextPosition="bottom" visible="true" width="73.392578125" x="6.776611328125" y="-39.3505859375">&lt;&lt;exclude&gt;&gt;<y:LabelModel>
              <y:SmartEdgeLabelModel autoRotationEnabled="false" defaultAngle="0.0" defaultDistance="10.0"/>
            </y:LabelModel>
            <y:ModelParameter>
              <y:SmartEdgeLabelModelParameter angle="0.0" distance="30.0" distanceToCenter="true" position="left" ratio="0.5" segment="0"/>
            </y:ModelParameter>
            <y:PreferredPlacementDescriptor angle="0.0" angleOffsetOnRightSide="0" angleReference="absolute" angleRotationOnRightSide="co" distance="-1.0" frozen="true" placement="anywhere" side="anywhere" sideReference="relative_to_edge_flow"/>
          </y:EdgeLabel>
          <y:BendStyle smoothed="false"/>
        </y:PolyLineEdge>
      </data>
    </edge>
    <edge id="e3" source="n3" target="n5">
      <data key="d10">
        <y:PolyLineEdge>
          <y:Path sx="0.0" sy="0.0" tx="0.0" ty="0.0"/>
          <y:LineStyle color="#000000" type="dashed" width="1.0"/>
          <y:Arrows source="none" target="none"/>
          <y:EdgeLabel alignment="center" configuration="AutoFlippingLabel" distance="2.0" fontFamily="Dialog" fontSize="12" fontStyle="plain" hasBackgroundColor="false" hasLineColor="false" height="18.701171875" horizontalTextPosition="center" iconTextGap="4" modelName="custom" preferredPlacement="anywhere" ratio="0.5" textColor="#000000" verticalTextPosition="bottom" visible="true" width="73.392578125" x="61.355390317748515" y="6.447551046007902">&lt;&lt;exclude&gt;&gt;<y:LabelModel>
              <y:SmartEdgeLabelModel autoRotationEnabled="false" defaultAngle="0.0" defaultDistance="10.0"/>
            </y:LabelModel>
            <y:ModelParameter>
              <y:SmartEdgeLabelModelParameter angle="0.0" distance="30.0" distanceToCenter="true" position="left" ratio="0.5" segment="0"/>
            </y:ModelParameter>
            <y:PreferredPlacementDescriptor angle="0.0" angleOffsetOnRightSide="0" angleReference="absolute" angleRotationOnRightSide="co" distance="-1.0" frozen="true" placement="anywhere" side="anywhere" sideReference="relative_to_edge_flow"/>
          </y:EdgeLabel>
          <y:BendStyle smoothed="false"/>
        </y:PolyLineEdge>
      </data>
    </edge>
    <edge id="e4" source="n3" target="n6">
      <data key="d10">
        <y:PolyLineEdge>
          <y:Path sx="0.0" sy="0.0" tx="0.0" ty="0.0"/>
          <y:LineStyle color="#000000" type="dashed" width="1.0"/>
          <y:Arrows source="none" target="none"/>
          <y:EdgeLabel alignment="center" configuration="AutoFlippingLabel" distance="2.0" fontFamily="Dialog" fontSize="12" fontStyle="plain" hasBackgroundColor="false" hasLineColor="false" height="18.701171875" horizontalTextPosition="center" iconTextGap="4" modelName="custom" preferredPlacement="anywhere" ratio="0.5" textColor="#000000" verticalTextPosition="bottom" visible="true" width="73.392578125" x="-10.238512693703456" y="64.89235685140852">&lt;&lt;exclude&gt;&gt;<y:LabelModel>
              <y:SmartEdgeLabelModel autoRotationEnabled="false" defaultAngle="0.0" defaultDistance="10.0"/>
            </y:LabelModel>
            <y:ModelParameter>
              <y:SmartEdgeLabelModelParameter angle="0.0" distance="30.0" distanceToCenter="true" position="right" ratio="0.2886566246410958" segment="-1"/>
            </y:ModelParameter>
            <y:PreferredPlacementDescriptor angle="0.0" angleOffsetOnRightSide="0" angleReference="absolute" angleRotationOnRightSide="co" distance="-1.0" frozen="true" placement="anywhere" side="anywhere" sideReference="relative_to_edge_flow"/>
          </y:EdgeLabel>
          <y:BendStyle smoothed="false"/>
        </y:PolyLineEdge>
      </data>
    </edge>
    <edge id="e5" source="n4" target="n7">
      <data key="d10">
        <y:PolyLineEdge>
          <y:Path sx="0.0" sy="0.0" tx="0.0" ty="0.0"/>
          <y:LineStyle color="#000000" type="dashed" width="1.0"/>
          <y:Arrows source="none" target="none"/>
          <y:EdgeLabel alignment="center" configuration="AutoFlippingLabel" distance="2.0" fontFamily="Dialog" fontSize="12" fontStyle="plain" hasBackgroundColor="false" hasLineColor="false" height="18.701171875" horizontalTextPosition="center" iconTextGap="4" modelName="custom" preferredPlacement="anywhere" ratio="0.5" textColor="#000000" verticalTextPosition="bottom" visible="true" width="73.392578125" x="51.765625" y="-39.3505859375">&lt;&lt;exclude&gt;&gt;<y:LabelModel>
              <y:SmartEdgeLabelModel autoRotationEnabled="false" defaultAngle="0.0" defaultDistance="10.0"/>
            </y:LabelModel>
            <y:ModelParameter>
              <y:SmartEdgeLabelModelParameter angle="0.0" distance="30.0" distanceToCenter="true" position="left" ratio="0.5" segment="0"/>
            </y:ModelParameter>
            <y:PreferredPlacementDescriptor angle="0.0" angleOffsetOnRightSide="0" angleReference="absolute" angleRotationOnRightSide="co" distance="-1.0" frozen="true" placement="anywhere" side="anywhere" sideReference="relative_to_edge_flow"/>
          </y:EdgeLabel>
          <y:BendStyle smoothed="false"/>
        </y:PolyLineEdge>
      </data>
    </edge>
    <edge id="e6" source="n5" target="n7">
      <data key="d10">
        <y:PolyLineEdge>
          <y:Path sx="0.0" sy="0.0" tx="0.0" ty="0.0"/>
          <y:LineStyle color="#000000" type="dashed" width="1.0"/>
          <y:Arrows source="none" target="none"/>
          <y:EdgeLabel alignment="center" configuration="AutoFlippingLabel" distance="2.0" fontFamily="Dialog" fontSize="12" fontStyle="plain" hasBackgroundColor="false" hasLineColor="false" height="18.701171875" horizontalTextPosition="center" iconTextGap="4" modelName="custom" preferredPlacement="anywhere" ratio="0.5" textColor="#000000" verticalTextPosition="bottom" visible="true" width="73.392578125" x="96.28391868702874" y="-27.518184054062374">&lt;&lt;exclude&gt;&gt;<y:LabelModel>
              <y:SmartEdgeLabelModel autoRotationEnabled="false" defaultAngle="0.0" defaultDistance="10.0"/>
            </y:LabelModel>
            <y:ModelParameter>
              <y:SmartEdgeLabelModelParameter angle="0.0" distance="30.0" distanceToCenter="true" position="right" ratio="0.5" segment="0"/>
            </y:ModelParameter>
            <y:PreferredPlacementDescriptor angle="0.0" angleOffsetOnRightSide="0" angleReference="absolute" angleRotationOnRightSide="co" distance="-1.0" frozen="true" placement="anywhere" side="anywhere" sideReference="relative_to_edge_flow"/>
          </y:EdgeLabel>
          <y:BendStyle smoothed="false"/>
        </y:PolyLineEdge>
      </data>
    </edge>
    <edge id="e7" source="n4" target="n8">
      <data key="d10">
        <y:PolyLineEdge>
          <y:Path sx="0.0" sy="0.0" tx="0.0" ty="0.0"/>
          <y:LineStyle color="#000000" type="line" width="1.0"/>
          <y:Arrows source="none" target="none"/>
          <y:BendStyle smoothed="false"/>
        </y:PolyLineEdge>
      </data>
    </edge>
    <edge id="e8" source="n3" target="n9">
      <data key="d10">
        <y:PolyLineEdge>
          <y:Path sx="0.0" sy="0.0" tx="0.0" ty="0.0"/>
          <y:LineStyle color="#000000" type="line" width="1.0"/>
          <y:Arrows source="none" target="none"/>
          <y:BendStyle smoothed="false"/>
        </y:PolyLineEdge>
      </data>
    </edge>
    <edge id="e9" source="n9" target="n10">
      <data key="d10">
        <y:PolyLineEdge>
          <y:Path sx="0.0" sy="0.0" tx="0.0" ty="0.0"/>
          <y:LineStyle color="#000000" type="dashed" width="1.0"/>
          <y:Arrows source="none" target="none"/>
          <y:EdgeLabel alignment="center" configuration="AutoFlippingLabel" distance="2.0" fontFamily="Dialog" fontSize="12" fontStyle="plain" hasBackgroundColor="false" hasLineColor="false" height="18.701171875" horizontalTextPosition="center" iconTextGap="4" modelName="custom" preferredPlacement="anywhere" ratio="0.5" textColor="#000000" verticalTextPosition="bottom" visible="true" width="73.392578125" x="-119.36005940124937" y="-1.5597204306221784">&lt;&lt;exclude&gt;&gt;<y:LabelModel>
              <y:SmartEdgeLabelModel autoRotationEnabled="false" defaultAngle="0.0" defaultDistance="10.0"/>
            </y:LabelModel>
            <y:ModelParameter>
              <y:SmartEdgeLabelModelParameter angle="0.0" distance="30.0" distanceToCenter="true" position="right" ratio="0.5" segment="0"/>
            </y:ModelParameter>
            <y:PreferredPlacementDescriptor angle="0.0" angleOffsetOnRightSide="0" angleReference="absolute" angleRotationOnRightSide="co" distance="-1.0" frozen="true" placement="anywhere" side="anywhere" sideReference="relative_to_edge_flow"/>
          </y:EdgeLabel>
          <y:BendStyle smoothed="false"/>
        </y:PolyLineEdge>
      </data>
    </edge>
    <edge id="e10" source="n9" target="n11">
      <data key="d10">
        <y:PolyLineEdge>
          <y:Path sx="0.0" sy="0.0" tx="0.0" ty="0.0"/>
          <y:LineStyle color="#000000" type="dashed" width="1.0"/>
          <y:Arrows source="none" target="none"/>
          <y:EdgeLabel alignment="center" configuration="AutoFlippingLabel" distance="2.0" fontFamily="Dialog" fontSize="12" fontStyle="plain" hasBackgroundColor="false" hasLineColor="false" height="18.701171875" horizontalTextPosition="center" iconTextGap="4" modelName="custom" preferredPlacement="anywhere" ratio="0.5" textColor="#000000" verticalTextPosition="bottom" visible="true" width="73.392578125" x="-66.6962890625" y="28.3941650390625">&lt;&lt;exclude&gt;&gt;<y:LabelModel>
              <y:SmartEdgeLabelModel autoRotationEnabled="false" defaultAngle="0.0" defaultDistance="10.0"/>
            </y:LabelModel>
            <y:ModelParameter>
              <y:SmartEdgeLabelModelParameter angle="0.0" distance="30.0" distanceToCenter="true" position="right" ratio="0.5" segment="0"/>
            </y:ModelParameter>
            <y:PreferredPlacementDescriptor angle="0.0" angleOffsetOnRightSide="0" angleReference="absolute" angleRotationOnRightSide="co" distance="-1.0" frozen="true" placement="anywhere" side="anywhere" sideReference="relative_to_edge_flow"/>
          </y:EdgeLabel>
          <y:BendStyle smoothed="false"/>
        </y:PolyLineEdge>
      </data>
    </edge>
  </graph>
  <data key="d7">
    <y:Resources>
      <y:Resource id="1">&lt;?xml version="1.0" encoding="UTF-8" standalone="no"?&gt;
&lt;!-- Created with Inkscape (http://www.inkscape.org/) --&gt;
&lt;svg
   xmlns:dc="http://purl.org/dc/elements/1.1/"
   xmlns:cc="http://web.resource.org/cc/"
   xmlns:rdf="http://www.w3.org/1999/02/22-rdf-syntax-ns#"
   xmlns:svg="http://www.w3.org/2000/svg"
   xmlns="http://www.w3.org/2000/svg"
   xmlns:sodipodi="http://sodipodi.sourceforge.net/DTD/sodipodi-0.dtd"
   xmlns:inkscape="http://www.inkscape.org/namespaces/inkscape"
   width="41"
   height="68.997391"
   id="svg2"
   sodipodi:version="0.32"
   inkscape:version="0.45.1"
   sodipodi:docbase="C:\Daten\alberts\projects\yfx"
   sodipodi:docname="uml_actor.svg"
   inkscape:output_extension="org.inkscape.output.svg.inkscape"
   version="1.0"&gt;
  &lt;defs
     id="defs4" /&gt;
  &lt;sodipodi:namedview
     id="base"
     pagecolor="#ffffff"
     bordercolor="#666666"
     borderopacity="1.0"
     inkscape:pageopacity="0.0"
     inkscape:pageshadow="2"
     inkscape:zoom="2.934351"
     inkscape:cx="144.21983"
     inkscape:cy="28.533711"
     inkscape:document-units="px"
     inkscape:current-layer="layer1"
     showgrid="true"
     inkscape:window-width="1280"
     inkscape:window-height="968"
     inkscape:window-x="-4"
     inkscape:window-y="-4"
     width="48px"
     height="48px"
     showborder="false"
     inkscape:showpageshadow="false" /&gt;
  &lt;metadata
     id="metadata7"&gt;
    &lt;rdf:RDF&gt;
      &lt;cc:Work
         rdf:about=""&gt;
        &lt;dc:format&gt;image/svg+xml&lt;/dc:format&gt;
        &lt;dc:type
           rdf:resource="http://purl.org/dc/dcmitype/StillImage" /&gt;
      &lt;/cc:Work&gt;
    &lt;/rdf:RDF&gt;
  &lt;/metadata&gt;
  &lt;g
     inkscape:label="Ebene 1"
     inkscape:groupmode="layer"
     id="layer1"
     transform="translate(-29.5,-42.959476)"&gt;
    &lt;a
       id="a3142"
       transform="matrix(1.0873906,0,0,1,-4.4741999,0)"&gt;
      &lt;path
         transform="translate(11.586889,5.2908993)"
         d="M 47.02914 47.36993 A 8.5197716 9.2013531 0 1 1  29.989597,47.36993 A 8.5197716 9.2013531 0 1 1  47.02914 47.36993 z"
         sodipodi:ry="9.2013531"
         sodipodi:rx="8.5197716"
         sodipodi:cy="47.36993"
         sodipodi:cx="38.509369"
         id="path2160"
         style="fill:none;fill-rule:evenodd;stroke:#000000;stroke-width:1px;stroke-linecap:butt;stroke-linejoin:miter;stroke-opacity:1"
         sodipodi:type="arc" /&gt;
    &lt;/a&gt;
    &lt;path
       sodipodi:type="arc"
       style="fill:none"
       id="path3134"
       sodipodi:cx="43.962021"
       sodipodi:cy="48.392303"
       sodipodi:rx="3.7486994"
       sodipodi:ry="0"
       d="M 47.71072 48.392303 A 3.7486994 0 0 1 1  40.213321,48.392303 A 3.7486994 0 0 1 1  47.71072 48.392303 z" /&gt;
    &lt;path
       style="fill:none;fill-rule:evenodd;stroke:#000000;stroke-width:1.24319649px;stroke-linecap:butt;stroke-linejoin:miter;stroke-opacity:1"
       d="M 50,61.33709 C 50,91.363211 50,92.247838 50,92.247838"
       id="path3136" /&gt;
    &lt;path
       style="fill:none;fill-rule:evenodd;stroke:#000000;stroke-width:1px;stroke-linecap:butt;stroke-linejoin:miter;stroke-opacity:1"
       d="M 69.760668,72.362183 C 69.760668,72.362183 69.760668,72.362183 50.239332,72.362183 C 30.239332,72.362183 30.239332,72.362183 30.239332,72.362183 L 30.239332,72.362183"
       id="path3138" /&gt;
    &lt;path
       style="fill:none;fill-rule:evenodd;stroke:#000000;stroke-width:1px;stroke-linecap:butt;stroke-linejoin:miter;stroke-opacity:1"
       d="M 30,111.45687 C 30,111.45687 30,111.45687 50,92.013532 C 70,111.45687 70,111.45687 70,111.45687"
       id="path3140" /&gt;
  &lt;/g&gt;
&lt;/svg&gt;
</y:Resource>
    </y:Resources>
  </data>
</graphml>
